number,values_1_minus_auc_close,values_1_minus_dir_acc_close,values_1_minus_dir_acc_open,values_neg_n_recommendations,values_rmse_open,datetime_start,datetime_complete,duration,params_bagging_fraction,params_bagging_freq,params_feature_fraction,params_lambda_l1,params_lambda_l2,params_learning_rate,params_max_depth,params_min_child_samples,params_min_gain_to_split,params_num_leaves,system_attrs_NSGAIISampler:generation,state
0,0.4630983046706194,0.619268445881834,0.5533029521429431,-725.0,0.017183938691008538,2026-03-02 19:03:44.230758,2026-03-02 19:04:16.521601,0 days 00:00:32.290843,0.4348501673009197,9,0.49359671220172163,0.002570603566117596,0.02358594058414266,0.03574712922600244,10,64,1.1095942370118374e-07,244,0,COMPLETE
1,0.4629711923623018,0.7969984096649605,0.5733491921365282,-32.0,0.01728487186219258,2026-03-02 19:04:16.523160,2026-03-02 19:04:47.442140,0 days 00:00:30.918980,0.5825453457757227,6,0.5100427059120604,7.71800699380605e-05,4.17890272377219e-06,0.010725209743171997,11,29,1.652113961713147e-07,248,0,COMPLETE
2,0.46853576861246915,0.6178919374022747,0.562684592459941,-1330.0,0.017217579248660225,2026-03-02 19:04:47.442298,2026-03-02 19:05:14.186700,0 days 00:00:26.744402,0.5198042692950159,6,0.8711055768358081,0.0021465011216654484,2.6185068507773707e-08,0.08012737503998542,5,43,1.1355313900795548e-05,48,0,COMPLETE
3,0.48069753915959446,0.6596683015489062,0.576890694535395,-784.0,0.017294790090371596,2026-03-02 19:05:14.186861,2026-03-02 19:05:41.972838,0 days 00:00:27.785977,0.5827682615040224,1,0.8850384088698767,0.01439120761572808,9.148975058772307e-05,0.07896186801026692,3,96,0.02942659586179089,56,0,COMPLETE
4,0.4858017930460381,0.9585711040132573,0.5455383751854277,-0.0,0.017257915973066508,2026-03-02 19:05:41.972981,2026-03-02 19:06:08.617944,0 days 00:00:26.644963,0.5870266456536466,6,0.7975133706123891,0.0008325158565947969,4.609885087947832e-07,0.015144860262751412,3,92,5.414512173274613e-07,134,0,COMPLETE
5,0.47517680577328525,0.542090421906531,0.5513785131035589,-1860.0,0.017392464543546485,2026-03-02 19:06:08.618110,2026-03-02 19:06:41.970558,0 days 00:00:33.352448,0.4530955012311517,2,0.9531245410138701,2.5529693461039728e-08,8.471746987003668e-06,0.2705166881899928,12,91,0.00010123111576467842,201,0,COMPLETE
6,0.46097034970413875,0.6527857591511086,0.560118673740762,-350.0,0.017246754862361866,2026-03-02 19:06:41.970723,2026-03-02 19:07:12.163825,0 days 00:00:30.193102,0.4845545349848576,9,0.725617649894949,4.6876566400928895e-08,7.6204817861585425,0.03750796359625606,11,42,7.620296216431467e-07,80,0,COMPLETE
7,0.4742642671582453,0.6379381773958598,0.5527817499031098,-1311.0,0.017287770577364078,2026-03-02 19:07:12.163992,2026-03-02 19:07:38.912895,0 days 00:00:26.748903,0.8627622080115674,1,0.8374043008245924,1.683416412018213e-05,1.1036250149900698e-07,0.13826083091896751,3,84,0.000543520768739901,62,0,COMPLETE
8,0.45984304951877275,0.5553209403022973,0.5518328945434134,-1459.0,0.01713148409645399,2026-03-02 19:07:38.913081,2026-03-02 19:08:08.990901,0 days 00:00:30.077820,0.8377637070028384,7,0.5951099932160483,0.9658611176861261,0.0001778010520878397,0.18832519048593593,6,15,1.2113265745664113e-06,165,0,COMPLETE
9,0.4706322837034379,0.7116816122522619,0.585350207812688,-84.0,0.017316716660029065,2026-03-02 19:08:08.991092,2026-03-02 19:08:42.911635,0 days 00:00:33.920543,0.7136396976291964,5,0.6962773578186344,1.6934490731313353e-08,9.354548757337708e-08,0.015019490572374374,10,61,0.0014611204285143939,186,0,COMPLETE
10,0.47744804701965626,0.8883825357157176,0.5608002459005439,-0.0,0.01729740195033901,2026-03-02 19:08:42.911810,2026-03-02 19:09:10.120720,0 days 00:00:27.208910,0.6462297538213778,8,0.549575337489325,1.1459970229341322e-06,4.929685216887945e-08,0.011128194768838964,6,56,0.012016018429904128,168,0,COMPLETE
11,0.4705323665907074,0.6926911408983388,0.5608537025405268,-272.0,0.017268686534037098,2026-03-02 19:09:10.121162,2026-03-02 19:09:41.949467,0 days 00:00:31.828305,0.8822032461394687,2,0.9228763541126306,1.0790237065789305,0.0007146282449340217,0.02679156169946617,12,83,0.00017504623151887465,53,0,COMPLETE
12,0.46313274617441835,0.579737260614484,0.536049821588464,-976.0,0.017112450703423997,2026-03-02 19:09:41.949645,2026-03-02 19:10:11.298094,0 days 00:00:29.348449,0.8908088595534959,9,0.6562646731757538,1.1549659339590204e-08,0.00039511700681839584,0.15584289782385466,6,20,3.364579672845165e-07,230,0,COMPLETE
13,0.48350050906128517,0.7116548839322705,0.5778395498950913,-388.0,0.01726529046708779,2026-03-02 19:10:11.298258,2026-03-02 19:10:38.660255,0 days 00:00:27.361997,0.7112743730460197,8,0.5939217592124532,1.873554890711046e-05,5.572354590728728,0.04135867955263894,4,40,0.02072639751516403,68,0,COMPLETE
14,0.47391078073910475,0.5367046654282546,0.565050048779184,-806.0,0.017527415169127373,2026-03-02 19:10:38.660419,2026-03-02 19:11:08.026387,0 days 00:00:29.365968,0.7657386003879381,6,0.4221321684127197,2.906088000706637e-08,3.219720539814264e-06,0.2640288328540435,7,37,8.093529012573064e-07,75,0,COMPLETE
15,0.4650533971653875,0.575099897095968,0.5569112753417884,-468.0,0.01730132987177044,2026-03-02 19:11:08.026552,2026-03-02 19:11:34.961194,0 days 00:00:26.934642,0.8032813284435272,8,0.5452331629069003,1.3763785504379889e-06,0.03580528521176685,0.21959317857485672,4,54,0.04007216683832529,72,0,COMPLETE
16,0.46929642290565854,0.6240394510003073,0.5551472062223529,-1062.0,0.017367421666398465,2026-03-02 19:11:34.961368,2026-03-02 19:12:07.110164,0 days 00:00:32.148796,0.5924680389830416,2,0.9011814973535428,2.3279640748356466e-08,0.0020798714270728394,0.034934962585119265,9,58,4.025765384744594e-08,167,0,COMPLETE
17,0.45913287413330317,0.6533737821909205,0.5608403383805312,-911.0,0.017319303991362292,2026-03-02 19:12:07.110334,2026-03-02 19:12:34.522029,0 days 00:00:27.411695,0.8145626428614796,4,0.5046198574029949,2.6950690621944644,1.7285760734977495e-07,0.10019469332296198,8,30,0.00020989068773158678,18,0,COMPLETE
18,0.47115195686715916,0.6426958183543373,0.5689791118179267,-738.0,0.017191492412684684,2026-03-02 19:12:34.522187,2026-03-02 19:13:06.644642,0 days 00:00:32.122455,0.8903333201207295,6,0.7959904276205074,0.0005845951462609696,1.5020023705702004e-06,0.03190041672417551,12,89,5.344944831364252e-07,42,0,COMPLETE
19,0.4587595353536613,0.7540459994387053,0.5704224410974648,-202.0,0.017318741170998162,2026-03-02 19:13:06.644814,2026-03-02 19:13:44.734291,0 days 00:00:38.089477,0.8355734073221436,9,0.6095257447675966,0.9633360624447911,0.10444313823312158,0.01372537052078299,12,67,1.8670261499610236e-06,231,0,COMPLETE
20,0.4644047926980265,0.6434442113140979,0.5727745332567121,-918.0,0.017195473276368146,2026-03-02 19:13:44.734449,2026-03-02 19:14:10.298923,0 days 00:00:25.564474,0.4608829257196193,7,0.4055182309699778,1.1105912682481444e-08,2.80073786380359e-07,0.08878888265538125,4,91,0.00011546492569568301,35,0,COMPLETE
21,0.4577816484021613,0.5997835006080693,0.5449369879856202,-858.0,0.01712952049292139,2026-03-02 19:14:10.299089,2026-03-02 19:14:42.908537,0 days 00:00:32.609448,0.5952398188955607,8,0.5423494524980801,0.007025804993039185,0.4395524392287036,0.064646697464924,9,30,0.0005900206905337166,181,0,COMPLETE
22,0.48156513235936615,0.6672190519464899,0.5776257233351598,-998.0,0.01733230270394502,2026-03-02 19:14:42.908693,2026-03-02 19:15:11.797218,0 days 00:00:28.888525,0.9838063328514673,4,0.5463937860274501,1.0676256433841842,0.004789030842100622,0.09362115196011853,3,43,5.978368847178422e-07,151,0,COMPLETE
23,0.46172204773341163,0.5573122001416602,0.5486254961444399,-1491.0,0.017262666955683025,2026-03-02 19:15:11.797392,2026-03-02 19:15:44.190764,0 days 00:00:32.393372,0.5684634174645135,1,0.8334712691569032,0.006445411701103587,3.926414226888425e-07,0.14929067097793136,8,54,2.032015043523027e-07,136,0,COMPLETE
24,0.4542044124879634,0.5191976158338567,0.557459205901613,-1781.0,0.0174479195447737,2026-03-02 19:15:44.190917,2026-03-02 19:16:17.998658,0 days 00:00:33.807741,0.6569104889903886,10,0.9569911375526352,4.705218477150983,0.47542837613348465,0.24500297851058134,12,43,1.2692390066153125e-08,244,0,COMPLETE
25,0.4690697903173163,0.6793537092226067,0.5684178170981062,-171.0,0.017248808517784715,2026-03-02 19:16:17.998815,2026-03-02 19:16:51.720780,0 days 00:00:33.721965,0.9616928644964686,7,0.7340807574750101,0.001350673971624023,7.491839140486663e-08,0.027223045993447617,11,38,1.3659249124927914e-07,107,0,COMPLETE
26,0.47572788770941465,0.6343833108369974,0.5895198257313536,-468.0,0.01728149235886645,2026-03-02 19:16:51.720955,2026-03-02 19:17:21.562373,0 days 00:00:29.841418,0.8182094445971608,8,0.8444611706525227,1.719571984736745e-05,4.388606059101698e-06,0.08099164993582626,4,57,0.007542162607253638,253,0,COMPLETE
27,0.4747599598288039,0.5493070683042217,0.5454047335854705,-1277.0,0.0172154104478735,2026-03-02 19:17:21.562980,2026-03-02 19:17:56.310393,0 days 00:00:34.747413,0.8789771073800651,7,0.7009097768123198,0.020782696494253818,0.14525598138964962,0.1568644624233575,11,93,2.6635900992131406e-05,210,0,COMPLETE
28,0.4547977260041627,0.534165475029067,0.5223916500728347,-457.0,0.017241202603030564,2026-03-02 19:17:56.310552,2026-03-02 19:18:24.401840,0 days 00:00:28.091288,0.6793588108794761,6,0.42156536427804525,3.7920256746763364e-06,0.002077300593178723,0.2063696403063293,6,18,7.479650732188741e-05,96,0,COMPLETE
29,0.4731763274146963,0.8554933379662422,0.6027503441271198,-6.0,0.01730307658507886,2026-03-02 19:18:24.402003,2026-03-02 19:18:58.381687,0 days 00:00:33.979684,0.8619961318591665,3,0.7133459560328826,0.00403658667619465,5.86309842648542e-08,0.011093090790700134,11,42,7.098630373357235e-08,24,0,COMPLETE
30,0.470041789129478,0.76521843719513,0.565678164298983,-0.0,0.017451702813662758,2026-03-02 19:18:58.381865,2026-03-02 19:19:29.538406,0 days 00:00:31.156541,0.7097802089807171,4,0.9855112476775207,0.14344180876033952,2.7383582284930642e-06,0.011921754348704775,8,68,0.0007312469455317854,143,0,COMPLETE
31,0.4878348220542086,0.7270503962473438,0.5843879882929959,-699.0,0.017257084277372235,2026-03-02 19:19:29.538564,2026-03-02 19:19:59.174606,0 days 00:00:29.636042,0.645371766648562,2,0.8175845236562188,2.558193458285345e-07,1.7872532006457337e-06,0.044505533943559134,3,97,0.003982958226548765,33,0,COMPLETE
32,0.4673467945469951,0.5626578641399496,0.5753805444558782,-1525.0,0.01735187168772254,2026-03-02 19:19:59.174772,2026-03-02 19:20:33.421840,0 days 00:00:34.247068,0.7326124315068404,7,0.8427381500174611,5.9758620281693596e-05,1.6965978234377985e-06,0.06475515989686911,9,35,0.024923777946843334,187,0,COMPLETE
33,0.4828897045179381,0.7652318013551258,0.5728814465366779,-383.0,0.017215434459127165,2026-03-02 19:20:33.421997,2026-03-02 19:21:01.399953,0 days 00:00:27.977956,0.9132763504066044,8,0.4244372813913821,0.00018516737154191504,7.594644433644963e-08,0.03355944807567019,3,20,2.0331542049163833e-08,197,0,COMPLETE
34,0.48353694330877994,0.657503307629599,0.5935958945300492,-653.0,0.017271607616792382,2026-03-02 19:21:01.400151,2026-03-02 19:21:32.320598,0 days 00:00:30.920447,0.7810561905205863,1,0.7695100588313298,2.3524127881331023e-05,0.0042927860242780854,0.05323242590821272,4,49,4.672736186609918e-06,129,0,COMPLETE
35,0.46220829936064023,0.5761423015756344,0.5466208721450814,-1060.0,0.017326247136131775,2026-03-02 19:21:32.322362,2026-03-02 19:22:06.228375,0 days 00:00:33.906013,0.41590678632497313,6,0.7854515669237894,2.8978251200615612,0.0015110109127219476,0.05535964054794068,9,24,2.9698733008915536e-08,221,0,COMPLETE
36,0.463787619526011,0.6210859716412525,0.5729883598166436,-193.0,0.017231380003783655,2026-03-02 19:22:06.228544,2026-03-02 19:22:36.462289,0 days 00:00:30.233745,0.9767143382943485,10,0.6316615826804646,5.782560870607466e-07,4.209705432977435e-08,0.03744329404265238,7,59,0.020269568996218828,170,0,COMPLETE
37,0.4869101528711125,0.9618319590522137,0.5382148155077713,-0.0,0.017253817670976807,2026-03-02 19:22:36.462460,2026-03-02 19:23:05.879760,0 days 00:00:29.417300,0.9069251865816728,1,0.5913853781762568,0.21390273781908226,3.441065765840757e-06,0.014088388780829922,3,72,2.9984072594781144e-08,19,0,COMPLETE
38,0.47082602172052024,0.7275047776871985,0.5719058628569902,-26.0,0.01737501289011822,2026-03-02 19:23:05.879950,2026-03-02 19:23:43.509262,0 days 00:00:37.629312,0.569220743542784,2,0.8820885582309091,0.056955119153681656,0.1826049951256062,0.014946647023314875,9,89,0.0008398831598691196,182,0,COMPLETE
39,0.4713299767340202,0.5207077659133735,0.5345797639889345,-1405.0,0.017265455663974735,2026-03-02 19:23:43.509433,2026-03-02 19:24:14.843975,0 days 00:00:31.334542,0.9150476511058071,5,0.9584543953621388,0.057258452997405986,0.06178540058459777,0.29046659796387364,6,80,1.9188131827736137e-06,114,0,COMPLETE
40,0.4711564861226102,0.7427131917623317,0.5701150654175632,-5.0,0.01741547754666787,2026-03-02 19:24:14.844138,2026-03-02 19:24:46.577901,0 days 00:00:31.733763,0.6335210072404979,1,0.9373139370977203,1.4074655959581588,6.631016232865143e-08,0.014201246261716191,8,85,1.3931653910722703e-06,232,0,COMPLETE
41,0.45852294226440204,0.6051158004463629,0.5531826747029815,-853.0,0.017221330522730234,2026-03-02 19:24:46.578063,2026-03-02 19:25:23.493887,0 days 00:00:36.915824,0.5759264630188388,4,0.6690673131869919,0.011289276361349378,0.05907051604930073,0.029625450352016573,12,62,0.00017086713281709082,243,0,COMPLETE
42,0.47445446085150267,0.5788418618947706,0.5888649818915632,-1596.0,0.017371399470965682,2026-03-02 19:25:23.494056,2026-03-02 19:25:55.665261,0 days 00:00:32.171205,0.6649183008240263,9,0.7297173293942413,1.4395777080921819e-05,1.131366064444819e-07,0.14765842451489417,3,54,2.4298776523961945e-08,205,0,COMPLETE
43,0.47000193032298376,0.7302711588063132,0.5833455838133295,-6.0,0.017448251304019127,2026-03-02 19:25:55.665431,2026-03-02 19:26:29.643406,0 days 00:00:33.977975,0.44365780381851616,9,0.820581478875472,0.022708060593255513,5.3968335759085875e-08,0.01626357634890109,9,19,3.659560837038123e-08,198,0,COMPLETE
44,0.4812721100168412,0.8029588250230532,0.553115853903003,-4.0,0.01730996492337388,2026-03-02 19:26:29.643580,2026-03-02 19:27:01.789818,0 days 00:00:32.146238,0.9916006382937226,8,0.9683491464303152,2.434087969048871e-05,5.642953223871804e-08,0.013344908202066698,6,43,0.0027856074841012377,252,0,COMPLETE
45,0.46288925784876467,0.5715049380571184,0.5290336375907092,-912.0,0.017117183413135652,2026-03-02 19:27:01.789983,2026-03-02 19:27:34.920842,0 days 00:00:33.130859,0.40681218686045145,5,0.6955750625745155,3.2116593962560474e-08,1.1731708039908721e-07,0.14058540215254575,7,92,5.5578727415433225e-08,149,0,COMPLETE
46,0.4699163395859486,0.7248586740080452,0.5900410279711868,-9.0,0.017348362494815917,2026-03-02 19:27:34.921012,2026-03-02 19:28:07.488024,0 days 00:00:32.567012,0.5714272517691165,9,0.6249223477142225,1.0288748388522558e-06,4.666624480502759,0.014914219038863051,10,63,0.02789748426033939,171,0,COMPLETE
47,0.48721237493978153,0.9679260160102636,0.5599449396608176,-0.0,0.017386360875406227,2026-03-02 19:28:07.488187,2026-03-02 19:28:35.653303,0 days 00:00:28.165116,0.44427793884123934,6,0.9957788776715802,5.293255050580887,0.0005103646639104087,0.010422061531643646,3,91,3.428103306772456e-05,248,0,COMPLETE
48,0.4624319496260706,0.5597979339008647,0.5843211674930172,-1592.0,0.017530267385634044,2026-03-02 19:28:35.653466,2026-03-02 19:29:09.133135,0 days 00:00:33.479669,0.42726782820487474,3,0.9406948062945933,3.5785192411323847,1.028902103305537,0.08505465867325865,7,67,8.209260718547433e-05,182,0,COMPLETE
49,0.47620601213132596,0.6528659441110829,0.5494941665441619,-704.0,0.017328342065010383,2026-03-02 19:29:09.133299,2026-03-02 19:29:42.642065,0 days 00:00:33.508766,0.7501936671105233,1,0.6120113368156317,5.88238260902774,7.514441370290716,0.047104269642866126,5,27,1.2773258629765595e-05,164,0,COMPLETE
50,0.4605205727226893,0.5448701671856415,0.5393507691074078,-1158.0,0.017226788123894124,2026-03-02 19:29:42.642232,2026-03-02 19:30:18.254588,0 days 00:00:35.612356,0.8789771073800651,9,0.49359671220172163,0.002570603566117596,0.14525598138964962,0.1568644624233575,11,64,2.6635900992131406e-05,210,1,COMPLETE
51,0.4597563322773627,0.6450880029935718,0.5872612826920764,-467.0,0.017410855268855364,2026-03-02 19:30:18.254764,2026-03-02 19:30:52.565976,0 days 00:00:34.311212,0.9767143382943485,9,0.8188970284118471,5.782560870607466e-07,4.209705432977435e-08,0.03744329404265238,9,19,0.020269568996218828,198,1,COMPLETE
52,0.4690697903173163,0.6793537092226067,0.5684178170981062,-171.0,0.017248808517784715,2026-03-02 19:30:52.566145,2026-03-02 19:31:29.687930,0 days 00:00:37.121785,0.9616928644964686,7,0.7340807574750101,0.001350673971624023,7.491839140486663e-08,0.027223045993447617,11,38,1.3659249124927914e-07,107,1,COMPLETE
53,0.46084376757861634,0.6538816202707578,0.5672150426984912,-291.0,0.01727485978209882,2026-03-02 19:31:29.688086,2026-03-02 19:32:07.346774,0 days 00:00:37.658688,0.9616928644964686,4,0.7340807574750101,3.2116593962560474e-08,1.1731708039908721e-07,0.027223045993447617,11,58,5.5578727415433225e-08,149,1,COMPLETE
54,0.4584882594434172,0.5527951140631056,0.5574191134216259,-776.0,0.017345199749446687,2026-03-02 19:32:07.346937,2026-03-02 19:32:39.245901,0 days 00:00:31.898964,0.5952398188955607,9,0.7854515669237894,2.8978251200615612,0.0015110109127219476,0.05535964054794068,9,24,0.0005900206905337166,181,1,COMPLETE
55,0.471299181443525,0.6433372980341321,0.5799243588544243,-969.0,0.017270053265591268,2026-03-02 19:32:39.247406,2026-03-02 19:33:12.411989,0 days 00:00:33.164583,0.6649183008240263,9,0.7297173293942413,1.4395777080921819e-05,0.14525598138964962,0.10266702291253747,3,54,2.4298776523961945e-08,210,1,COMPLETE
56,0.48408476263655487,0.7394256084033838,0.5990484718083045,-439.0,0.017295619273388477,2026-03-02 19:33:12.412152,2026-03-02 19:33:41.400145,0 days 00:00:28.987993,0.5684634174645135,2,0.8334712691569032,0.006445411701103587,1.7872532006457337e-06,0.044505533943559134,3,97,0.003982958226548765,136,1,COMPLETE
57,0.4841521122968775,0.9601347107327569,0.5264543547115346,-0.0,0.017242071913872264,2026-03-02 19:33:41.400300,2026-03-02 19:34:13.827216,0 days 00:00:32.426916,0.9465563106963055,6,0.7975133706123891,0.21390273781908226,4.609885087947832e-07,0.014088388780829922,3,72,5.414512173274613e-07,134,1,COMPLETE
58,0.4728884506695905,0.7973057853448622,0.5717588570970371,-0.0,0.01736300610813885,2026-03-02 19:34:13.827374,2026-03-02 19:34:51.089540,0 days 00:00:37.262166,0.7097802089807171,9,0.7297173293942413,1.4395777080921819e-05,1.131366064444819e-07,0.011921754348704775,8,84,2.4298776523961945e-08,205,1,COMPLETE
59,0.4868110562368144,0.7034225613749048,0.5632057946997742,-463.0,0.017310207013189364,2026-03-02 19:34:51.089707,2026-03-02 19:35:19.365233,0 days 00:00:28.275526,0.7810561905205863,6,0.9957788776715802,5.293255050580887,0.0005103646639104087,0.05323242590821272,3,91,3.428103306772456e-05,248,1,COMPLETE
60,0.4619242021789276,0.5810603124540608,0.5584882462212837,-1049.0,0.017241201163090566,2026-03-02 19:35:19.365394,2026-03-02 19:35:56.207802,0 days 00:00:36.842408,0.8182094445971608,7,0.7009097768123198,0.020782696494253818,4.388606059101698e-06,0.08099164993582626,11,93,0.007542162607253638,243,1,COMPLETE
61,0.4676474782632919,0.608737487805204,0.5582744196613522,-915.0,0.017230115465787354,2026-03-02 19:35:56.207963,2026-03-02 19:36:30.323894,0 days 00:00:34.115931,0.9838063328514673,6,0.8711055768358081,0.0021465011216654484,2.6185068507773707e-08,0.09362115196011853,5,43,5.978368847178422e-07,48,1,COMPLETE
62,0.47797914431771604,0.6942012909778557,0.5755275502158312,-165.0,0.017304752655667763,2026-03-02 19:36:30.324056,2026-03-02 19:37:04.464971,0 days 00:00:34.140915,0.9916006382937226,8,0.9683491464303152,0.002570603566117596,0.03399973839833068,0.03574712922600244,6,64,0.0027856074841012377,252,1,COMPLETE
63,0.465313126673919,0.7085543988132625,0.5846953639728976,-307.0,0.017430331643151442,2026-03-02 19:37:04.465163,2026-03-02 19:37:38.220651,0 days 00:00:33.755488,0.7680491175614739,5,0.8820885582309091,0.056955119153681656,0.1826049951256062,0.014946647023314875,9,89,0.0008398831598691196,182,1,COMPLETE
64,0.46353931665436643,0.649284349232229,0.5673754126184398,-517.0,0.017345950773910376,2026-03-02 19:37:38.220813,2026-03-02 19:38:18.514873,0 days 00:00:40.294060,0.8182094445971608,8,0.8444611706525227,0.001350673971624023,7.491839140486663e-08,0.027223045993447617,11,57,0.007542162607253638,239,1,COMPLETE
65,0.47647784360735834,0.824475122616168,0.5598112980608604,-6.0,0.01724638130396224,2026-03-02 19:38:18.515037,2026-03-02 19:38:48.108406,0 days 00:00:29.593369,0.8619961318591665,1,0.6249223477142225,1.0288748388522558e-06,4.666624480502759,0.014914219038863051,10,63,0.006334845357399609,24,1,COMPLETE
66,0.45520783151275546,0.5550269287823915,0.5590228126211128,-1011.0,0.01732019985822225,2026-03-02 19:38:48.108571,2026-03-02 19:39:18.727109,0 days 00:00:30.618538,0.5684634174645135,1,0.41582018469835125,0.006445411701103587,3.926414226888425e-07,0.14929067097793136,8,54,0.007542162607253638,253,1,COMPLETE
67,0.45970071992745987,0.5689256551779438,0.5563633447819638,-748.0,0.017219089244503157,2026-03-02 19:39:18.727268,2026-03-02 19:39:49.381219,0 days 00:00:30.653951,0.9916006382937226,8,0.42156536427804525,3.7920256746763364e-06,5.642953223871804e-08,0.2063696403063293,6,18,0.0027856074841012377,252,1,COMPLETE
68,0.4684987266031727,0.649818915632058,0.5497881780640678,-301.0,0.017211270911215566,2026-03-02 19:39:49.381379,2026-03-02 19:40:22.924064,0 days 00:00:33.542685,0.8908088595534959,10,0.6562646731757538,1.1549659339590204e-08,4.209705432977435e-08,0.03598173003875193,7,83,3.364579672845165e-07,230,1,COMPLETE
69,0.4837666011208672,0.8843599235570048,0.5841607975730685,-0.0,0.017363556451275956,2026-03-02 19:40:22.924255,2026-03-02 19:40:54.954593,0 days 00:00:32.030338,0.4902501346621169,6,0.9957788776715802,1.1459970229341322e-06,4.929685216887945e-08,0.010422061531643646,6,91,3.428103306772456e-05,252,1,COMPLETE
70,0.46359463835112535,0.6913012682587836,0.567228406858487,-248.0,0.01731714943398199,2026-03-02 19:40:54.954756,2026-03-02 19:41:33.237666,0 days 00:00:38.282910,0.8182094445971608,8,0.8444611706525227,0.002224213324698539,7.491839140486663e-08,0.027223045993447617,11,38,1.3659249124927914e-07,107,1,COMPLETE
71,0.47211905854922653,0.8487711654883933,0.5571518302217114,-2.0,0.017294728493284204,2026-03-02 19:41:33.237818,2026-03-02 19:42:03.961432,0 days 00:00:30.723614,0.9767143382943485,10,0.6316615826804646,5.782560870607466e-07,4.209705432977435e-08,0.011128194768838964,7,59,0.020269568996218828,168,1,COMPLETE
72,0.4577021788989908,0.5934756170900878,0.5688454702179695,-1319.0,0.017418239977042,2026-03-02 19:42:03.961609,2026-03-02 19:42:38.516391,0 days 00:00:34.554782,0.6285345139786129,6,0.9011814973535428,2.8978251200615612,0.0015110109127219476,0.05535964054794068,9,24,4.025765384744594e-08,167,1,COMPLETE
73,0.4642837501425737,0.5614951822203216,0.5702754353375119,-1088.0,0.017458960297825486,2026-03-02 19:42:38.516552,2026-03-02 19:43:12.627611,0 days 00:00:34.111059,0.42726782820487474,3,0.9406948062945933,3.5785192411323847,1.6965978234377985e-06,0.06475515989686911,9,35,0.024923777946843334,187,1,COMPLETE
74,0.48274275164684854,0.9544415785745787,0.5544923623825624,-0.0,0.0172611237684176,2026-03-02 19:43:12.627778,2026-03-02 19:43:42.093984,0 days 00:00:29.466206,0.569220743542784,8,0.8820885582309091,0.00018516737154191504,7.594644433644963e-08,0.014946647023314875,3,20,0.0008398831598691196,248,1,COMPLETE
75,0.45573298490039393,0.5320673019097384,0.5399521563072154,-1068.0,0.017452533950931843,2026-03-02 19:43:42.094159,2026-03-02 19:44:14.355061,0 days 00:00:32.260902,0.7326124315068404,6,0.4221321684127197,2.906088000706637e-08,0.37937639749880375,0.2640288328540435,9,35,0.024923777946843334,75,1,COMPLETE
76,0.4571974309350928,0.5463669531051626,0.5574992983816003,-978.0,0.01731629856993472,2026-03-02 19:44:14.355275,2026-03-02 19:44:44.871012,0 days 00:00:30.515737,0.5827682615040224,1,0.8850384088698767,0.0021465011216654484,9.148975058772307e-05,0.17310640936212143,5,43,0.02942659586179089,56,1,COMPLETE
77,0.46513754929448714,0.6120651636441392,0.5518328945434134,-650.0,0.017116761585874687,2026-03-02 19:44:44.871180,2026-03-02 19:45:18.154550,0 days 00:00:33.283370,0.9616928644964686,9,0.49359671220172163,0.002570603566117596,0.02358594058414266,0.04923983945695482,10,64,1.1095942370118374e-07,107,1,COMPLETE
78,0.4693433878776432,0.6256698785197856,0.5455116468654363,-463.0,0.017168392790225525,2026-03-02 19:45:18.154712,2026-03-02 19:45:48.525222,0 days 00:00:30.370510,0.7136396976291964,5,0.6962773578186344,2.6950690621944644,1.7285760734977495e-07,0.10019469332296198,8,61,0.0014611204285143939,18,1,COMPLETE
79,0.4571629561831483,0.5638873668595561,0.5568578187018055,-1319.0,0.017257572521873425,2026-03-02 19:45:48.525395,2026-03-02 19:46:24.802006,0 days 00:00:36.276611,0.5952398188955607,8,0.9531245410138701,0.007025804993039185,5.4122209873095514e-05,0.064646697464924,12,30,0.0005900206905337166,201,1,COMPLETE
80,0.4847773236549817,0.8247824982960696,0.5439480401459367,-8.0,0.017214760947891965,2026-03-02 19:46:24.802168,2026-03-02 19:46:56.877814,0 days 00:00:32.075646,0.9916006382937226,8,0.4338252979905563,0.0008325158565947969,5.642953223871804e-08,0.025342846735878725,3,43,5.414512173274613e-07,252,1,COMPLETE
81,0.46602472958460894,0.5049113287984284,0.538174723027784,-1627.0,0.01730248398814496,2026-03-02 19:46:56.877985,2026-03-02 19:47:29.229111,0 days 00:00:32.351126,0.918833425753032,7,0.5951099932160483,1.3763785504379889e-06,0.03580528521176685,0.21959317857485672,6,54,0.04007216683832529,165,1,COMPLETE
82,0.46757675302242085,0.5843211674930172,0.527162655191308,-1409.0,0.01717814845839404,2026-03-02 19:47:29.229271,2026-03-02 19:48:01.663936,0 days 00:00:32.434665,0.40681218686045145,5,0.8877406054780466,3.2116593962560474e-08,1.1731708039908721e-07,0.14058540215254575,7,96,5.5578727415433225e-08,56,1,COMPLETE
83,0.47611455256032753,0.890293610595106,0.5919120103705882,-1.0,0.01731157760690209,2026-03-02 19:48:01.664110,2026-03-02 19:48:32.998543,0 days 00:00:31.334433,0.9150476511058071,3,0.7133459560328826,0.00403658667619465,0.06178540058459777,0.011093090790700134,6,80,1.9188131827736137e-06,24,1,COMPLETE
84,0.4602557001192873,0.6261108957996445,0.561762465420236,-1063.0,0.017316379858187382,2026-03-02 19:48:32.998729,2026-03-02 19:49:12.638335,0 days 00:00:39.639606,0.9616928644964686,7,0.7340807574750101,2.8978251200615612,0.0015110109127219476,0.05535964054794068,9,100,1.3659249124927914e-07,221,1,COMPLETE
85,0.46779384053291295,0.5546260039825197,0.5650767770991754,-796.0,0.017515969729715704,2026-03-02 19:49:12.638491,2026-03-02 19:49:44.521851,0 days 00:00:31.883360,0.6335210072404979,1,0.42156536427804525,3.7920256746763364e-06,0.002077300593178723,0.2063696403063293,8,18,7.479650732188741e-05,96,1,COMPLETE
86,0.48655555353286073,0.7613962874363531,0.5674956900584014,-448.0,0.01724325607838288,2026-03-02 19:49:44.522022,2026-03-02 19:50:15.885430,0 days 00:00:31.363408,0.5924680389830416,8,0.9011814973535428,0.00018516737154191504,0.0020798714270728394,0.03355944807567019,3,20,4.025765384744594e-08,197,1,COMPLETE
87,0.4509788826083341,0.5796971681344969,0.5537706977427934,-1074.0,0.017333861107366604,2026-03-02 19:50:15.885592,2026-03-02 19:50:49.044749,0 days 00:00:33.159157,0.9838063328514673,7,0.5463937860274501,5.9758620281693596e-05,9.32677572452498,0.09362115196011853,9,35,0.024923777946843334,151,1,COMPLETE
88,0.4675986850008048,0.6420543386745425,0.588824889411576,-575.0,0.01735394072289069,2026-03-02 19:50:49.046154,2026-03-02 19:51:18.690900,0 days 00:00:29.644746,0.645371766648562,2,0.8613924491083063,2.558193458285345e-07,1.7872532006457337e-06,0.044505533943559134,8,97,0.003982958226548765,33,1,COMPLETE
89,0.4857893028259981,0.7345476900049448,0.5690058401379181,-363.0,0.017292749657734946,2026-03-02 19:51:18.691064,2026-03-02 19:51:53.196163,0 days 00:00:34.505099,0.9097884344064469,6,0.9668594379294568,2.8978251200615612,1.1036250149900698e-07,0.05535964054794068,3,84,2.9698733008915536e-08,62,1,COMPLETE
90,0.4848777570077366,0.8957328237133655,0.5586085236612452,-0.0,0.017245071785381483,2026-03-02 19:51:53.196327,2026-03-02 19:52:24.133121,0 days 00:00:30.936794,0.8822032461394687,6,0.9228763541126306,0.0008325158565947969,0.0007146282449340217,0.015144860262751412,3,83,5.414512173274613e-07,134,1,COMPLETE
91,0.4444409286417287,0.5666270196586793,0.5772247985352881,-1660.0,0.017255061046769434,2026-03-02 19:52:24.133276,2026-03-02 19:52:55.678275,0 days 00:00:31.544999,0.9838063328514673,4,0.5463937860274501,1.0676256433841842,0.002077300593178723,0.2063696403063293,6,18,5.978368847178422e-07,96,1,COMPLETE
92,0.46806373682386715,0.5324682267096101,0.5458190225453379,-1213.0,0.017335816443720755,2026-03-02 19:52:55.678456,2026-03-02 19:53:32.378899,0 days 00:00:36.700443,0.40681218686045145,9,0.6955750625745155,3.2116593962560474e-08,0.00011347422303679326,0.14058540215254575,10,32,1.1095942370118374e-07,149,1,COMPLETE
93,0.4690621536115236,0.7864540874283347,0.5622168468600905,-15.0,0.017279359276053327,2026-03-02 19:53:32.380361,2026-03-02 19:54:10.287698,0 days 00:00:37.907337,0.5825453457757227,6,0.6962773578186344,1.6934490731313353e-08,4.17890272377219e-06,0.010725209743171997,11,21,0.0014611204285143939,248,1,COMPLETE
94,0.47235719356592754,0.6118379729242118,0.5863926122923544,-1118.0,0.017390061422962868,2026-03-02 19:54:10.287858,2026-03-02 19:54:39.070203,0 days 00:00:28.782345,0.8032813284435272,4,0.9724306163552334,1.0676256433841842,0.03580528521176685,0.21959317857485672,3,54,0.04007216683832529,151,1,COMPLETE
95,0.4638369490489115,0.6147914522832667,0.5478904673446751,-1134.0,0.017324453292090026,2026-03-02 19:54:39.070783,2026-03-02 19:55:19.437310,0 days 00:00:40.366527,0.5924680389830416,4,0.9011814973535428,0.011289276361349378,0.0020798714270728394,0.034934962585119265,12,62,4.025765384744594e-08,161,1,COMPLETE
96,0.46932983014187357,0.6350114263567963,0.5809934916540821,-352.0,0.017268933625867827,2026-03-02 19:55:19.437478,2026-03-02 19:55:49.190369,0 days 00:00:29.752891,0.645371766648562,2,0.8175845236562188,1.1423133426075653e-06,1.7872532006457337e-06,0.044505533943559134,9,97,0.003982958226548765,33,1,COMPLETE
97,0.4693682460503491,0.5582610555013565,0.5602790436607107,-998.0,0.017563275523933507,2026-03-02 19:55:49.190527,2026-03-02 19:56:24.917761,0 days 00:00:35.727234,0.7657386003879381,6,0.4221321684127197,2.906088000706637e-08,3.219720539814264e-06,0.2640288328540435,9,37,8.093529012573064e-07,75,1,COMPLETE
98,0.47162472440504843,0.6563005332299838,0.5605195985406337,-367.0,0.017214480750681778,2026-03-02 19:56:24.917921,2026-03-02 19:56:58.176123,0 days 00:00:33.258202,0.4845545349848576,9,0.7708769442747375,4.6876566400928895e-08,7.6204817861585425,0.03750796359625606,6,20,3.364579672845165e-07,230,1,COMPLETE
99,0.46903455693564045,0.6059443783660978,0.5887313402916059,-1033.0,0.017419243026409733,2026-03-02 19:56:58.176283,2026-03-02 19:57:35.172891,0 days 00:00:36.996608,0.5198042692950159,6,0.7854515669237894,2.8978251200615612,0.0015110109127219476,0.033810357544552465,9,43,1.1355313900795548e-05,221,1,COMPLETE
100,0.4600669793546319,0.5580605931014206,0.5364908388683229,-1003.0,0.017188154710353797,2026-03-02 19:57:35.173078,2026-03-02 19:58:09.455738,0 days 00:00:34.282660,0.8377637070028384,7,0.8374043008245924,0.9658611176861261,0.0001778010520878397,0.18832519048593593,6,15,1.2113265745664113e-06,165,2,COMPLETE
101,0.45204025315095187,0.616956446202574,0.5497614497440764,-693.0,0.017247800353642626,2026-03-02 19:58:09.455941,2026-03-02 19:58:37.186620,0 days 00:00:27.730679,0.46813455531977743,7,0.5463937860274501,0.9658611176861261,0.0001778010520878397,0.09362115196011853,6,35,0.024923777946843334,151,2,COMPLETE
102,0.4868020585020928,0.7188581661699653,0.59674983628904,-397.0,0.01727742695376357,2026-03-02 19:58:37.186787,2026-03-02 19:59:12.055778,0 days 00:00:34.868991,0.9916006382937226,6,0.9011814973535428,0.011070283944120374,0.0015110109127219476,0.05535964054794068,3,43,4.025765384744594e-08,252,2,COMPLETE
103,0.46334645381427875,0.5438411268659709,0.5369184919881861,-787.0,0.017118591318562783,2026-03-02 19:59:12.055964,2026-03-02 19:59:47.162172,0 days 00:00:35.106208,0.8908088595534959,9,0.7121846205422759,1.1549659339590204e-08,4.209705432977435e-08,0.14058540215254575,7,83,3.364579672845165e-07,149,2,COMPLETE
104,0.45891107932890285,0.5672417710184826,0.5441485025458725,-1599.0,0.01723646971634244,2026-03-02 19:59:47.162347,2026-03-02 20:00:18.047047,0 days 00:00:30.884700,0.8377637070028384,9,0.5951099932160483,1.1549659339590204e-08,0.00039511700681839584,0.15584289782385466,6,20,1.2113265745664113e-06,201,2,COMPLETE
105,0.4755689994690593,0.5461932190252181,0.5477434615847221,-1467.0,0.01736822328158446,2026-03-02 20:00:18.047207,2026-03-02 20:00:54.875541,0 days 00:00:36.828334,0.4530955012311517,2,0.712098100667196,2.5529693461039728e-08,8.471746987003668e-06,0.2705166881899928,12,91,0.00010123111576467842,201,2,COMPLETE
106,0.4697106915825934,0.6257500634797599,0.5535568711828618,-968.0,0.017183209049000406,2026-03-02 20:00:54.875719,2026-03-02 20:01:27.335817,0 days 00:00:32.460098,0.4608829257196193,5,0.6955750625745155,1.1105912682481444e-08,1.1731708039908721e-07,0.08878888265538125,11,91,0.00011546492569568301,35,2,COMPLETE
107,0.4685340057457372,0.6307081668381733,0.5849359188528205,-396.0,0.017299070734366154,2026-03-02 20:01:27.335973,2026-03-02 20:02:04.651398,0 days 00:00:37.315425,0.8908088595534959,10,0.6562646731757538,1.1549659339590204e-08,0.0011179998462326974,0.03598173003875193,8,24,4.025765384744594e-08,230,2,COMPLETE
108,0.4694393191454749,0.646384326513157,0.573990671816323,-703.0,0.017297859048427417,2026-03-02 20:02:04.651563,2026-03-02 20:02:50.018448,0 days 00:00:45.366885,0.4608829257196193,7,0.4055182309699778,1.0676256433841842,2.80073786380359e-07,0.08878888265538125,4,18,5.978368847178422e-07,96,2,COMPLETE
109,0.4668519076970844,0.5756344634957969,0.5606799684605824,-984.0,0.01727809086727596,2026-03-02 20:02:50.021322,2026-03-02 20:03:27.812174,0 days 00:00:37.790852,0.5827682615040224,1,0.8850384088698767,0.0021465011216654484,9.148975058772307e-05,0.17310640936212143,6,43,0.007458924108423668,56,2,COMPLETE
110,0.4706193884280323,0.6561668916300266,0.5467144212650514,-300.0,0.017301712805830413,2026-03-02 20:03:27.813316,2026-03-02 20:04:04.597986,0 days 00:00:36.784670,0.8908088595534959,9,0.9011814973535428,2.8978251200615612,0.0015110109127219476,0.03944510510347807,6,22,3.364579672845165e-07,167,2,COMPLETE
111,0.46485044726692526,0.6331805364373821,0.5436540286260307,-1022.0,0.017138697801647357,2026-03-02 20:04:04.598161,2026-03-02 20:04:46.414245,0 days 00:00:41.816084,0.5952398188955607,6,0.8711055768358081,0.007025804993039185,2.6185068507773707e-08,0.064646697464924,12,43,1.1355313900795548e-05,48,2,COMPLETE
112,0.4624585849657863,0.5711173774172424,0.5508974033437128,-823.0,0.017330345402804176,2026-03-02 20:04:46.414551,2026-03-02 20:05:18.978310,0 days 00:00:32.563759,0.40681218686045145,5,0.8530823534041714,3.2116593962560474e-08,0.00011347422303679326,0.14058540215254575,7,96,1.558885743358669e-08,56,2,COMPLETE
113,0.46445089965334985,0.5794165207745867,0.5339115559891483,-1614.0,0.01725584488010017,2026-03-02 20:05:18.978490,2026-03-02 20:05:55.048528,0 days 00:00:36.070038,0.40681218686045145,7,0.6955750625745155,3.2116593962560474e-08,1.1731708039908721e-07,0.14058540215254575,7,92,5.5578727415433225e-08,149,2,COMPLETE
114,0.47440016913224436,0.7035428388148663,0.5638740026995603,-185.0,0.01719598515127373,2026-03-02 20:05:55.048703,2026-03-02 20:06:36.097826,0 days 00:00:41.049123,0.8145626428614796,9,0.5046198574029949,4.6876566400928895e-08,0.02171290403426562,0.03750796359625606,8,30,0.00020989068773158678,18,2,COMPLETE
115,0.4849790533822502,0.9599075200128296,0.5444024215857912,-0.0,0.017255360462866833,2026-03-02 20:06:36.098428,2026-03-02 20:07:13.337527,0 days 00:00:37.239099,0.9916006382937226,6,0.4338252979905563,0.21390273781908226,4.609885087947832e-07,0.014088388780829922,3,43,5.414512173274613e-07,134,2,COMPLETE
116,0.47299306649606243,0.7282798989669504,0.578334023814933,-128.0,0.01725941460736321,2026-03-02 20:07:13.337741,2026-03-02 20:07:51.920058,0 days 00:00:38.582317,0.8789771073800651,8,0.5423494524980801,0.007025804993039185,0.4395524392287036,0.020633546899416634,9,93,2.6635900992131406e-05,210,2,COMPLETE
117,0.46572679402417716,0.6049287022064228,0.5934622529300921,-954.0,0.017372942393857567,2026-03-02 20:07:51.920247,2026-03-02 20:08:27.219016,0 days 00:00:35.298769,0.48182288535206186,9,0.7297173293942413,3.2116593962560474e-08,1.1731708039908721e-07,0.14058540215254575,3,54,5.5578727415433225e-08,205,2,COMPLETE
118,0.4842972479601798,0.9355179280206343,0.5463402247851712,-0.0,0.01727023277724652,2026-03-02 20:08:27.219233,2026-03-02 20:09:03.749946,0 days 00:00:36.530713,0.9838063328514673,6,0.8711055768358081,0.0021465011216654484,2.6185068507773707e-08,0.010507133125312542,5,43,5.978368847178422e-07,48,2,COMPLETE
119,0.47465618736120874,0.5879695831718497,0.5639408234995389,-904.0,0.01722261552677715,2026-03-02 20:09:03.750127,2026-03-02 20:09:34.827358,0 days 00:00:31.077231,0.8182094445971608,6,0.8444611706525227,1.719571984736745e-05,0.14525598138964962,0.1568644624233575,4,64,0.007542162607253638,99,2,COMPLETE
120,0.46494410908068773,0.4805484651262245,0.5479840164646451,-1329.0,0.01730656122301023,2026-03-02 20:09:34.827519,2026-03-02 20:10:13.080762,0 days 00:00:38.253243,0.8032813284435272,3,0.9406948062945933,1.3763785504379889e-06,1.6965978234377985e-06,0.21959317857485672,9,54,8.523763283991313e-06,109,2,COMPLETE
121,0.47092279420218697,0.5949724030096089,0.5796704398145054,-897.0,0.01737361458280614,2026-03-02 20:10:13.080934,2026-03-02 20:10:52.616740,0 days 00:00:39.535806,0.8903333201207295,6,0.7959904276205074,2.8978251200615612,1.5020023705702004e-06,0.05535964054794068,12,24,4.025765384744594e-08,232,2,COMPLETE
122,0.4640362455839313,0.5898940222112339,0.5474895425448034,-1762.0,0.017141293995905443,2026-03-02 20:10:52.616926,2026-03-02 20:11:28.650738,0 days 00:00:36.033812,0.9838063328514673,7,0.8711055768358081,0.9658611176861261,0.0001778010520878397,0.09362115196011853,6,43,5.978368847178422e-07,98,2,COMPLETE
123,0.4601919659266711,0.5919253745305839,0.5428521790262872,-1701.0,0.017187133640039057,2026-03-02 20:11:28.650894,2026-03-02 20:12:04.410792,0 days 00:00:35.759898,0.8789771073800651,7,0.7009097768123198,0.020782696494253818,0.14525598138964962,0.1568644624233575,11,93,0.0005900206905337166,181,2,COMPLETE
124,0.4669304641275247,0.5799911796544028,0.551953171983375,-1101.0,0.01740306568773712,2026-03-02 20:12:04.410961,2026-03-02 20:12:40.484216,0 days 00:00:36.073255,0.40681218686045145,5,0.9406948062945933,3.5785192411323847,1.1731708039908721e-07,0.06475515989686911,9,35,0.024923777946843334,149,2,COMPLETE
125,0.46540900753327186,0.5220976385529288,0.5360899140684512,-1103.0,0.01719215282412514,2026-03-02 20:12:40.484381,2026-03-02 20:13:12.704464,0 days 00:00:32.220083,0.8908088595534959,9,0.7083936934958864,0.11294762797036331,0.00039511700681839584,0.15584289782385466,6,20,3.364579672845165e-07,230,2,COMPLETE
126,0.47232033817525476,0.5671348577385169,0.5333368971093322,-1514.0,0.017247639762444523,2026-03-02 20:13:12.704625,2026-03-02 20:13:48.735570,0 days 00:00:36.030945,0.8182094445971608,9,0.6562646731757538,0.020782696494253818,4.388606059101698e-06,0.15584289782385466,11,93,4.533443465440159e-06,243,2,COMPLETE
127,0.4547977260041627,0.534165475029067,0.5223916500728347,-457.0,0.017241202603030564,2026-03-02 20:13:48.735737,2026-03-02 20:14:18.738760,0 days 00:00:30.003023,0.6793588108794761,6,0.42156536427804525,3.7920256746763364e-06,0.002077300593178723,0.2063696403063293,6,18,7.479650732188741e-05,96,2,COMPLETE
128,0.46345640686189093,0.5307709783901533,0.5733892846165154,-1744.0,0.01759651120554248,2026-03-02 20:14:18.738918,2026-03-02 20:14:51.216073,0 days 00:00:32.477155,0.6569104889903886,9,0.9569911375526352,4.705218477150983,0.577129639351335,0.08296549089384075,10,64,1.2692390066153125e-08,107,2,COMPLETE
129,0.4628419006916644,0.657115746989723,0.5821160810937229,-668.0,0.017332340998085862,2026-03-02 20:14:51.216234,2026-03-02 20:15:24.235783,0 days 00:00:33.019549,0.5924680389830416,1,0.8374043008245924,1.683416412018213e-05,3.513060369612443,0.034934962585119265,12,62,4.025765384744594e-08,62,2,COMPLETE
130,0.46150964284884877,0.5616689163002659,0.5352479719887206,-890.0,0.017234596212533777,2026-03-02 20:15:24.235952,2026-03-02 20:15:53.769656,0 days 00:00:29.533704,0.4882440885574228,6,0.9406948062945933,3.7920256746763364e-06,0.002077300593178723,0.2063696403063293,7,67,8.209260718547433e-05,96,2,COMPLETE
131,0.47121491884478006,0.5952396862095233,0.5609071591805097,-1391.0,0.01724720192460934,2026-03-02 20:15:53.769813,2026-03-02 20:16:25.766608,0 days 00:00:31.996795,0.9559525750968967,5,0.6962773578186344,2.6950690621944644,1.7285760734977495e-07,0.10019469332296198,8,30,0.00020989068773158678,18,2,COMPLETE
132,0.4570798304564797,0.5815815146938939,0.5676293316583586,-1537.0,0.017386578542193946,2026-03-02 20:16:25.766784,2026-03-02 20:17:01.594100,0 days 00:00:35.827316,0.6285345139786129,9,0.9011814973535428,2.8978251200615612,0.0015110109127219476,0.05535964054794068,12,67,4.025765384744594e-08,167,2,COMPLETE
133,0.4767378176506383,0.572440429256819,0.5947853047696687,-1052.0,0.017399954988450424,2026-03-02 20:17:01.594254,2026-03-02 20:17:35.713828,0 days 00:00:34.119574,0.9838063328514673,4,0.5463937860274501,1.0676256433841842,0.002077300593178723,0.2063696403063293,9,35,0.024923777946843334,96,2,COMPLETE
134,0.46365714915498524,0.5664800138987264,0.5332700763093536,-914.0,0.01725951283983457,2026-03-02 20:17:35.713998,2026-03-02 20:18:06.428409,0 days 00:00:30.714411,0.42726782820487474,7,0.7340807574750101,2.8978251200615612,0.0015110109127219476,0.08505465867325865,7,100,1.9800323505076623e-05,182,2,COMPLETE
135,0.4642497251343626,0.6387533911555989,0.5689924759779224,-364.0,0.017304023284013807,2026-03-02 20:18:06.428571,2026-03-02 20:18:41.061348,0 days 00:00:34.632777,0.42726782820487474,3,0.9406948062945933,0.00013558817216564528,0.47542837613348465,0.024069012632997763,12,43,0.024923777946843334,187,2,COMPLETE
136,0.4659355273124436,0.5555614951822203,0.544268779985834,-1322.0,0.017362913232819244,2026-03-02 20:18:41.061511,2026-03-02 20:19:11.680453,0 days 00:00:30.618942,0.6569104889903886,10,0.9406948062945933,4.705218477150983,0.47542837613348465,0.08505465867325865,7,43,1.2692390066153125e-08,182,2,COMPLETE
137,0.4829230727858965,0.8906410787549949,0.5470084327849574,-0.0,0.017253312483433394,2026-03-02 20:19:11.680620,2026-03-02 20:19:41.647546,0 days 00:00:29.966926,0.4608829257196193,6,0.7975133706123891,1.1105912682481444e-08,4.609885087947832e-07,0.014088388780829922,4,91,0.00011546492569568301,35,2,COMPLETE
138,0.4598456954276522,0.5488794151843586,0.5847220922928889,-1113.0,0.017438962600188974,2026-03-02 20:19:41.647709,2026-03-02 20:20:16.426850,0 days 00:00:34.779141,0.918833425753032,7,0.6955708563957218,9.094199823941905e-06,0.03580528521176685,0.2063696403063293,6,18,0.04007216683832529,251,2,COMPLETE
139,0.4690156312331335,0.5672551351784784,0.5391369425474761,-1069.0,0.01716238303437169,2026-03-02 20:20:16.427007,2026-03-02 20:20:50.171949,0 days 00:00:33.744942,0.5440873712669159,6,0.7975133706123891,0.21390273781908226,2.6185068507773707e-08,0.09362115196011853,9,43,5.978368847178422e-07,134,2,COMPLETE
140,0.4722378352256795,0.6174910126024029,0.5857912250925468,-1018.0,0.017401851160214223,2026-03-02 20:20:50.172108,2026-03-02 20:21:18.346412,0 days 00:00:28.174304,0.40681218686045145,5,0.8877406054780466,1.4451652070275298e-07,1.1731708039908721e-07,0.21959317857485672,3,54,0.04007216683832529,72,2,COMPLETE
141,0.4619469085173483,0.5268820078313978,0.5149077204752295,-651.0,0.017011286886124355,2026-03-02 20:21:18.346570,2026-03-02 20:21:49.302241,0 days 00:00:30.955671,0.7136396976291964,5,0.8877406054780466,2.3287573660243307e-07,1.1731708039908721e-07,0.14058540215254575,8,21,0.0014611204285143939,56,2,COMPLETE
142,0.4515004612840574,0.5475429991847862,0.5813676881339623,-1124.0,0.01726961229728392,2026-03-02 20:21:49.302419,2026-03-02 20:22:24.815247,0 days 00:00:35.512828,0.9838063328514673,7,0.49359671220172163,1.0676256433841842,0.14525598138964962,0.1568644624233575,6,18,5.978368847178422e-07,48,2,COMPLETE
143,0.46816414515113625,0.6522244644312882,0.5413153006267791,-851.0,0.017209430138248202,2026-03-02 20:22:24.815401,2026-03-02 20:22:55.114161,0 days 00:00:30.298760,0.5952398188955607,4,0.5046198574029949,2.6950690621944644,1.7285760734977495e-07,0.064646697464924,8,30,0.0005900206905337166,18,2,COMPLETE
144,0.4691130994233099,0.5903350394910928,0.566787389578628,-1016.0,0.017182026436512392,2026-03-02 20:22:55.114340,2026-03-02 20:23:26.422605,0 days 00:00:31.308265,0.9838063328514673,1,0.8711055768358081,0.0021465011216654484,1.2912357744050557e-05,0.09362115196011853,5,43,5.978368847178422e-07,58,2,COMPLETE
145,0.4661784461295384,0.561521910540313,0.5534633220628917,-1363.0,0.017217335482254275,2026-03-02 20:23:26.422776,2026-03-02 20:24:03.118862,0 days 00:00:36.696086,0.7136396976291964,5,0.7009097768123198,0.020782696494253818,1.7285760734977495e-07,0.08099164993582626,11,93,0.0014611204285143939,243,2,COMPLETE
146,0.45491744792897093,0.5691795742178625,0.5507637617437555,-935.0,0.017401253203669066,2026-03-02 20:24:03.119020,2026-03-02 20:24:37.208192,0 days 00:00:34.089172,0.6793588108794761,1,0.42156536427804525,3.7920256746763364e-06,0.002077300593178723,0.2063696403063293,8,18,0.01017556793705464,96,2,COMPLETE
147,0.45222394987054815,0.5547329172624855,0.5592900958210272,-1038.0,0.01734400730388545,2026-03-02 20:24:37.208343,2026-03-02 20:25:07.016824,0 days 00:00:29.808481,0.6793588108794761,6,0.42156536427804525,2.906088000706637e-08,0.002077300593178723,0.2063696403063293,7,35,0.024923777946843334,75,2,COMPLETE
148,0.4584784473078811,0.5243829099121975,0.5608403383805312,-1147.0,0.01730946478887944,2026-03-02 20:25:07.016995,2026-03-02 20:25:41.153741,0 days 00:00:34.136746,0.918833425753032,2,0.5951099932160483,5.377756938484307e-07,0.03580528521176685,0.21959317857485672,6,70,0.024923777946843334,151,2,COMPLETE
149,0.4827881085526071,0.9657075654509736,0.5539577959827335,-0.0,0.01726540883369085,2026-03-02 20:25:41.153910,2026-03-02 20:26:08.327366,0 days 00:00:27.173456,0.5198042692950159,6,0.5013610378432988,0.21390273781908226,4.609885087947832e-07,0.014088388780829922,3,72,1.1355313900795548e-05,48,2,COMPLETE
150,0.4616097322799253,0.544509334865757,0.5489328718243415,-1781.0,0.017283966118588512,2026-03-02 20:26:08.327567,2026-03-02 20:26:43.856187,0 days 00:00:35.528620,0.9838063328514673,7,0.8711055768358081,0.9658611176861261,0.0001778010520878397,0.18832519048593593,6,15,1.2113265745664113e-06,165,3,COMPLETE
151,0.46531268622536615,0.6666978497066567,0.5779999198150401,-726.0,0.017275561313820405,2026-03-02 20:26:43.856347,2026-03-02 20:27:21.519482,0 days 00:00:37.663135,0.8182094445971608,9,0.6562646731757538,0.020782696494253818,6.285253576054615e-08,0.025793585182259916,12,26,4.533443465440159e-06,243,3,COMPLETE
152,0.4630373479494374,0.5248506555120478,0.5357023534285752,-1086.0,0.017416774239378586,2026-03-02 20:27:21.519641,2026-03-02 20:27:56.459587,0 days 00:00:34.939946,0.6285345139786129,9,0.9406948062945933,2.8978251200615612,0.0015110109127219476,0.2063696403063293,7,67,8.209260718547433e-05,96,3,COMPLETE
153,0.4562832660209729,0.5823165434936587,0.5435070228660778,-1079.0,0.01714019895129046,2026-03-02 20:27:56.459748,2026-03-02 20:28:31.550106,0 days 00:00:35.090358,0.6764672608196355,8,0.4723815226603605,0.007025804993039185,7.194547191999084e-07,0.064646697464924,9,30,0.0005900206905337166,181,3,COMPLETE
154,0.4632529571687235,0.6139361460435404,0.5447766180656715,-591.0,0.017279548872590846,2026-03-02 20:28:31.550271,2026-03-02 20:29:04.721228,0 days 00:00:33.170957,0.6569104889903886,7,0.49359671220172163,1.0676256433841842,0.577129639351335,0.08296549089384075,10,43,1.2692390066153125e-08,48,3,COMPLETE
155,0.46092110562539745,0.5725740708567764,0.5449637163056116,-911.0,0.017314807027186033,2026-03-02 20:29:04.721383,2026-03-02 20:29:47.168285,0 days 00:00:42.446902,0.9838063328514673,6,0.9531245410138701,2.5529693461039728e-08,0.0001778010520878397,0.09362115196011853,12,43,5.978368847178422e-07,201,3,COMPLETE
156,0.4683707251750897,0.5367982145482246,0.5610942574204498,-1819.0,0.017259252078064353,2026-03-02 20:29:47.168478,2026-03-02 20:30:20.446944,0 days 00:00:33.278466,0.6793588108794761,7,0.7009097768123198,3.7920256746763364e-06,0.14525598138964962,0.2063696403063293,11,93,0.01017556793705464,181,3,COMPLETE
157,0.4620112558343703,0.6304676119582504,0.5869271786921832,-267.0,0.017272272397993234,2026-03-02 20:30:20.447106,2026-03-02 20:30:52.169396,0 days 00:00:31.722290,0.7136396976291964,4,0.8877406054780466,2.3287573660243307e-07,1.7285760734977495e-07,0.10019469332296198,8,21,0.00020989068773158678,18,3,COMPLETE
158,0.45858943998568147,0.6318975770777928,0.5466476004650728,-657.0,0.017076585791738753,2026-03-02 20:30:52.169578,2026-03-02 20:31:27.726257,0 days 00:00:35.556679,0.8789771073800651,9,0.4235872839046594,0.002570603566117596,0.0015110109127219476,0.05535964054794068,9,24,2.6635900992131406e-05,210,3,COMPLETE
159,0.4620117970998807,0.574805885576062,0.536049821588464,-1846.0,0.017247844517017705,2026-03-02 20:31:27.726427,2026-03-02 20:32:06.465362,0 days 00:00:38.738935,0.8032813284435272,9,0.7083936934958864,0.11294762797036331,0.00039511700681839584,0.15584289782385466,9,54,8.523763283991313e-06,109,3,COMPLETE
160,0.46935877926651925,0.5352078795087335,0.5403263527870956,-1344.0,0.017296936758967336,2026-03-02 20:32:06.465516,2026-03-02 20:32:35.799708,0 days 00:00:29.334192,0.40681218686045145,5,0.6955750625745155,3.7920256746763364e-06,1.1731708039908721e-07,0.2063696403063293,7,67,5.5578727415433225e-08,149,3,COMPLETE
161,0.46157102107071557,0.5586619803012282,0.5312253598300078,-1182.0,0.017189121976244615,2026-03-02 20:32:35.799879,2026-03-02 20:33:12.087639,0 days 00:00:36.287760,0.8796462393454256,1,0.7009097768123198,0.020782696494253818,0.002077300593178723,0.1568644624233575,8,93,2.6635900992131406e-05,210,3,COMPLETE
162,0.4590252899266899,0.5352078795087335,0.551953171983375,-1195.0,0.017297891194132775,2026-03-02 20:33:12.087795,2026-03-02 20:33:47.336066,0 days 00:00:35.248271,0.9838063328514673,6,0.49359671220172163,1.0676256433841842,0.14525598138964962,0.1568644624233575,9,18,5.978368847178422e-07,166,3,COMPLETE
163,0.4605421017907494,0.5127828190359095,0.5278442273510898,-1657.0,0.017292197102985452,2026-03-02 20:33:47.336226,2026-03-02 20:34:25.685458,0 days 00:00:38.349232,0.4490554191693232,9,0.7854515669237894,2.8978251200615612,0.00039511700681839584,0.15584289782385466,9,24,0.0005900206905337166,230,3,COMPLETE
164,0.4692415427299733,0.5666270196586793,0.5528084782231013,-862.0,0.017694846598792547,2026-03-02 20:34:25.685621,2026-03-02 20:35:00.226203,0 days 00:00:34.540582,0.9241471744640664,2,0.42156536427804525,2.5529693461039728e-08,5.642953223871804e-08,0.2705166881899928,12,18,0.00010123111576467842,201,3,COMPLETE
165,0.4649996009507511,0.5882101380517728,0.5685648228580593,-984.0,0.0173658406381829,2026-03-02 20:35:00.226373,2026-03-02 20:35:38.274397,0 days 00:00:38.048024,0.7326124315068404,6,0.7854515669237894,2.8978251200615612,1.9402228045276142,0.05535964054794068,9,35,0.024923777946843334,75,3,COMPLETE
166,0.4846359847154056,0.9645983401713285,0.5533029521429431,-0.0,0.01729006226236217,2026-03-02 20:35:38.274579,2026-03-02 20:36:09.569695,0 days 00:00:31.295116,0.5827682615040224,6,0.8850384088698767,0.21390273781908226,9.148975058772307e-05,0.014088388780829922,3,43,0.02942659586179089,134,3,COMPLETE
167,0.4521333647615303,0.5801916420543387,0.5520066286233578,-582.0,0.017215048661610288,2026-03-02 20:36:09.569854,2026-03-02 20:36:39.368884,0 days 00:00:29.799030,0.9916006382937226,6,0.42156536427804525,3.7920256746763364e-06,0.002077300593178723,0.2063696403063293,6,35,2.565425581154016e-08,75,3,COMPLETE
168,0.46696502325110745,0.579403156614591,0.5452710919855133,-1651.0,0.01738671937489101,2026-03-02 20:36:39.369065,2026-03-02 20:37:26.527438,0 days 00:00:47.158373,0.8789771073800651,7,0.7009097768123198,0.020782696494253818,0.14525598138964962,0.1568644624233575,11,93,0.0005900206905337166,81,3,COMPLETE
169,0.4622015367593214,0.5997166798080906,0.5585417028612667,-459.0,0.01742877063374474,2026-03-02 20:37:26.529518,2026-03-02 20:38:04.030689,0 days 00:00:37.501171,0.8837207678758368,10,0.9406948062945933,4.705218477150983,0.47542837613348465,0.08505465867325865,7,43,1.9188131827736137e-06,114,3,COMPLETE
170,0.4616403688373383,0.5783874804549161,0.5815681505338982,-1312.0,0.01718871357165994,2026-03-02 20:38:04.032134,2026-03-02 20:38:39.680133,0 days 00:00:35.647999,0.9838063328514673,7,0.49359671220172163,0.05424218972869666,0.002077300593178723,0.2063696403063293,6,18,5.978368847178422e-07,48,3,COMPLETE
171,0.45847158388960463,0.5885976986916488,0.545190907025539,-1281.0,0.017055939454510317,2026-03-02 20:38:39.680449,2026-03-02 20:39:17.367653,0 days 00:00:37.687204,0.5107126116138264,7,0.7121846205422759,1.1549659339590204e-08,0.0001778010520878397,0.09362115196011853,6,43,5.978368847178422e-07,98,3,COMPLETE
172,0.4738953725474022,0.5837331444532055,0.5731888222165795,-1317.0,0.01729351825106245,2026-03-02 20:39:17.369054,2026-03-02 20:39:47.286535,0 days 00:00:29.917481,0.4530955012311517,2,0.7297173293942413,2.5529693461039728e-08,8.471746987003668e-06,0.14765842451489417,3,91,2.5259505107370835e-07,201,3,COMPLETE
173,0.4672264484150659,0.6045545057265426,0.5456319243053978,-495.0,0.017285206551768652,2026-03-02 20:39:47.286718,2026-03-02 20:40:23.032743,0 days 00:00:35.746025,0.5952398188955607,9,0.7854515669237894,2.8978251200615612,0.0015110109127219476,0.05535964054794068,6,18,5.978368847178422e-07,48,3,COMPLETE
174,0.4574141491409136,0.539965520467211,0.5340318334291099,-1186.0,0.017079846172857356,2026-03-02 20:40:23.032912,2026-03-02 20:40:59.739473,0 days 00:00:36.706561,0.6285345139786129,1,0.8334712691569032,0.006445411701103587,3.926414226888425e-07,0.14929067097793136,8,54,1.7611848632793023e-05,104,3,COMPLETE
175,0.4695455866540199,0.6078554532454863,0.5511513223836315,-1081.0,0.017202176989766005,2026-03-02 20:40:59.739665,2026-03-02 20:41:38.648910,0 days 00:00:38.909245,0.6285345139786129,9,0.49359671220172163,0.002570603566117596,0.003666848304200925,0.05535964054794068,12,67,1.1095942370118374e-07,167,3,COMPLETE
176,0.4600669793546319,0.5580605931014206,0.5364908388683229,-1003.0,0.017188154710353797,2026-03-02 20:41:38.649097,2026-03-02 20:42:15.144118,0 days 00:00:36.495021,0.8377637070028384,7,0.8374043008245924,0.9658611176861261,0.0001778010520878397,0.18832519048593593,6,15,1.2113265745664113e-06,165,3,COMPLETE
177,0.45817565001054217,0.6144038916433907,0.5545859115025324,-780.0,0.017153591268212347,2026-03-02 20:42:15.144292,2026-03-02 20:42:46.337687,0 days 00:00:31.193395,0.4882440885574228,6,0.5423494524980801,3.7920256746763364e-06,0.4395524392287036,0.064646697464924,7,30,0.0005900206905337166,181,3,COMPLETE
178,0.46221739147719476,0.5754206369358654,0.5371456827081134,-1440.0,0.017299682383264493,2026-03-02 20:42:46.337881,2026-03-02 20:43:25.486672,0 days 00:00:39.148791,0.6793588108794761,1,0.42156536427804525,3.7920256746763364e-06,0.002077300593178723,0.2063696403063293,8,35,2.9603387205365807e-06,96,3,COMPLETE
179,0.4580066496863262,0.5278308631910942,0.5386291044676387,-1576.0,0.017272687274651234,2026-03-02 20:43:25.486842,2026-03-02 20:43:59.156641,0 days 00:00:33.669799,0.8908088595534959,9,0.7083936934958864,0.11294762797036331,0.00039511700681839584,0.2063696403063293,7,20,8.209260718547433e-05,96,3,COMPLETE
180,0.4605836834231982,0.5604394135806594,0.5662528231787991,-1498.0,0.01731693601839152,2026-03-02 20:43:59.156820,2026-03-02 20:44:35.369355,0 days 00:00:36.212535,0.5952398188955607,8,0.9531245410138701,0.00014548306604322326,5.4122209873095514e-05,0.064646697464924,12,30,0.0005900206905337166,201,3,COMPLETE
181,0.4548004323317152,0.5816349713338769,0.5679367073382602,-1125.0,0.017337339648109656,2026-03-02 20:44:35.369548,2026-03-02 20:45:08.875639,0 days 00:00:33.506091,0.6793588108794761,1,0.5046198574029949,3.7920256746763364e-06,0.002077300593178723,0.10019469332296198,8,18,0.01017556793705464,96,3,COMPLETE
182,0.46313274617441835,0.579737260614484,0.536049821588464,-976.0,0.017112450703423997,2026-03-02 20:45:08.875800,2026-03-02 20:45:47.718921,0 days 00:00:38.843121,0.8908088595534959,9,0.6562646731757538,1.1549659339590204e-08,0.00039511700681839584,0.15584289782385466,6,20,3.364579672845165e-07,230,3,COMPLETE
183,0.46049544498974904,0.56331270797974,0.5485052187044783,-921.0,0.01731300342083247,2026-03-02 20:45:47.719077,2026-03-02 20:46:23.027183,0 days 00:00:35.308106,0.5952398188955607,9,0.8711055768358081,0.9658611176861261,0.0015110109127219476,0.05535964054794068,9,24,5.978368847178422e-07,181,3,COMPLETE
184,0.4565919110593657,0.5614417255803387,0.5528218423830971,-980.0,0.01745911991617978,2026-03-02 20:46:23.027350,2026-03-02 20:46:55.295306,0 days 00:00:32.267956,0.8908088595534959,10,0.9569911375526352,4.705218477150983,0.47542837613348465,0.15584289782385466,6,20,0.0010169167332763328,230,3,COMPLETE
185,0.4477590907151271,0.566934395338581,0.5306507009501917,-1623.0,0.017241179332273423,2026-03-02 20:46:55.295462,2026-03-02 20:47:33.645408,0 days 00:00:38.349946,0.6569104889903886,9,0.42200992173435875,4.705218477150983,0.00039511700681839584,0.15584289782385466,10,20,1.2113265745664113e-06,201,3,COMPLETE
186,0.4602016007387637,0.5471420743849145,0.5365175671883144,-919.0,0.017448095172752708,2026-03-02 20:47:33.645588,2026-03-02 20:48:07.068951,0 days 00:00:33.423363,0.6793588108794761,6,0.8280097515307314,2.906088000706637e-08,0.002077300593178723,0.24500297851058134,12,32,0.024923777946843334,75,3,COMPLETE
187,0.46481838175426426,0.5339650126291312,0.5493204324642175,-970.0,0.01749291576694652,2026-03-02 20:48:07.069128,2026-03-02 20:48:44.586685,0 days 00:00:37.517557,0.5952398188955607,6,0.8334712691569032,0.006445411701103587,3.926414226888425e-07,0.21005307678586949,12,54,2.032015043523027e-07,136,3,COMPLETE
188,0.4675729362783059,0.587809213251901,0.5386424686276344,-689.0,0.017147641752831608,2026-03-02 20:48:44.586865,2026-03-02 20:49:17.938940,0 days 00:00:33.352075,0.5952398188955607,6,0.7192680911591894,2.3287573660243307e-07,1.1731708039908721e-07,0.14058540215254575,12,43,2.6773912308535818e-05,56,3,COMPLETE
189,0.4557431148596016,0.59046868109105,0.5546928247824983,-580.0,0.017305223811398235,2026-03-02 20:49:17.939121,2026-03-02 20:49:51.380917,0 days 00:00:33.441796,0.9838063328514673,7,0.49359671220172163,1.0676256433841842,1.1731708039908721e-07,0.14058540215254575,8,18,0.0014611204285143939,40,3,COMPLETE
190,0.4672850445179084,0.5246234647921204,0.5535301428628703,-1449.0,0.017216096371741183,2026-03-02 20:49:51.381078,2026-03-02 20:50:28.108574,0 days 00:00:36.727496,0.5684634174645135,4,0.5463937860274501,1.0676256433841842,3.926414226888425e-07,0.2063696403063293,8,18,5.978368847178422e-07,96,3,COMPLETE
191,0.4668042434415208,0.5435337511860692,0.5497614497440764,-444.0,0.01730854972005584,2026-03-02 20:50:28.108759,2026-03-02 20:50:59.412477,0 days 00:00:31.303718,0.40681218686045145,9,0.8877406054780466,1.1549659339590204e-08,1.1731708039908721e-07,0.14058540215254575,7,96,5.5578727415433225e-08,149,3,COMPLETE
192,0.46566291146618,0.5473158084648589,0.559824662220856,-1159.0,0.017273829233204665,2026-03-02 20:50:59.412652,2026-03-02 20:51:33.866727,0 days 00:00:34.454075,0.9838063328514673,7,0.5463937860274501,5.9758620281693596e-05,0.14525598138964962,0.1568644624233575,6,35,0.024923777946843334,48,3,COMPLETE
193,0.46154231254824196,0.5483047563045425,0.5260133374316758,-1073.0,0.017146851186679444,2026-03-02 20:51:33.866889,2026-03-02 20:52:06.448185,0 days 00:00:32.581296,0.5952398188955607,6,0.42156536427804525,3.7920256746763364e-06,0.002077300593178723,0.2063696403063293,12,18,1.1355313900795548e-05,48,3,COMPLETE
194,0.4596063759904515,0.5752869953359081,0.5772247985352881,-1126.0,0.017367620365958954,2026-03-02 20:52:06.448369,2026-03-02 20:52:39.437528,0 days 00:00:32.989159,0.8789771073800651,5,0.7009097768123198,0.020782696494253818,0.14525598138964962,0.09362115196011853,11,35,0.024923777946843334,210,3,COMPLETE
195,0.4660952885847518,0.5681104414182047,0.5798308097344542,-1037.0,0.01769479663290281,2026-03-02 20:52:39.439555,2026-03-02 20:53:17.377974,0 days 00:00:37.938419,0.6569104889903886,10,0.9569911375526352,4.705218477150983,0.47542837613348465,0.08296549089384075,10,64,1.2692390066153125e-08,244,3,COMPLETE
196,0.4865278403097143,0.9641840512114611,0.5451107220655645,-0.0,0.0172578007232672,2026-03-02 20:53:17.378149,2026-03-02 20:53:50.978169,0 days 00:00:33.600020,0.5454823021808378,6,0.7195703598730139,1.4395777080921819e-05,4.609885087947832e-07,0.014088388780829922,3,72,2.4298776523961945e-08,205,3,COMPLETE
197,0.4582346944270903,0.6171168161225227,0.5849359188528205,-738.0,0.017269488609327036,2026-03-02 20:53:50.978359,2026-03-02 20:54:19.912505,0 days 00:00:28.934146,0.5952398188955607,4,0.5046198574029949,0.007025804993039185,1.7285760734977495e-07,0.10019469332296198,12,43,1.1355313900795548e-05,18,3,COMPLETE
198,0.46099272713617256,0.5567509054218397,0.5625509508599837,-1699.0,0.017388907889755324,2026-03-02 20:54:19.912687,2026-03-02 20:54:55.930633,0 days 00:00:36.017946,0.46813455531977743,7,0.5951099932160483,0.9658611176861261,0.00039511700681839584,0.15584289782385466,6,20,0.024923777946843334,151,3,COMPLETE
199,0.4637636268776122,0.5742980474962247,0.5359161799885068,-1707.0,0.017184939047534768,2026-03-02 20:54:55.930798,2026-03-02 20:55:26.687974,0 days 00:00:30.757176,0.40681218686045145,5,0.6955750625745155,3.2116593962560474e-08,1.1731708039908721e-07,0.14058540215254575,7,92,5.5578727415433225e-08,79,3,COMPLETE
200,0.46610946266248976,0.5888917102115547,0.5431328263861974,-1640.0,0.017030885259118167,2026-03-02 20:55:26.688161,2026-03-02 20:56:05.082667,0 days 00:00:38.394506,0.9838063328514673,7,0.8711055768358081,1.1549659339590204e-08,0.0001778010520878397,0.09362115196011853,6,43,1.3628760254496054e-08,105,4,COMPLETE
201,0.45323175050042397,0.5653440602990899,0.5382415438277627,-1032.0,0.017160833997680005,2026-03-02 20:56:05.082843,2026-03-02 20:56:39.488852,0 days 00:00:34.406009,0.6285345139786129,1,0.8334712691569032,7.919768558074373e-06,3.926414226888425e-07,0.14929067097793136,8,54,1.7611848632793023e-05,104,4,COMPLETE
202,0.4778971776285541,0.5068224036778168,0.5181552113541903,-1554.0,0.017187906062171427,2026-03-02 20:56:39.489025,2026-03-02 20:57:10.757233,0 days 00:00:31.268208,0.6793588108794761,6,0.5268688041979268,0.002570603566117596,0.002077300593178723,0.2063696403063293,9,35,2.6635900992131406e-05,75,4,COMPLETE
203,0.4594188893397607,0.5409010116669117,0.5517660737434349,-1321.0,0.017285271382343176,2026-03-02 20:57:10.757422,2026-03-02 20:57:48.146276,0 days 00:00:37.388854,0.8789771073800651,7,0.7009097768123198,0.020782696494253818,0.14525598138964962,0.1568644624233575,8,21,2.6635900992131406e-05,210,4,COMPLETE
204,0.4707075893232525,0.5651970545391369,0.5527416574231226,-1704.0,0.017500218394826374,2026-03-02 20:57:48.146456,2026-03-02 20:58:25.830228,0 days 00:00:37.683772,0.9916006382937226,3,0.9406948062945933,3.7920256746763364e-06,0.002077300593178723,0.21959317857485672,9,54,8.523763283991313e-06,109,4,COMPLETE
205,0.46452541196525965,0.5290737300706965,0.5482646638245553,-1918.0,0.01735372644502429,2026-03-02 20:58:25.830392,2026-03-02 20:59:00.276634,0 days 00:00:34.446242,0.4530955012311517,2,0.42156536427804525,2.906088000706637e-08,8.860866014059985e-06,0.2063696403063293,12,35,0.024923777946843334,201,4,COMPLETE
206,0.4665680865107311,0.5891189009314819,0.5439881326259237,-417.0,0.017252417343174398,2026-03-02 20:59:00.276815,2026-03-02 20:59:32.812204,0 days 00:00:32.535389,0.934316368443937,5,0.7854515669237894,3.2116593962560474e-08,1.1731708039908721e-07,0.15584289782385466,4,24,0.0005900206905337166,79,4,COMPLETE
207,0.4643411464521183,0.5323746775896401,0.5377737982279124,-1684.0,0.017299269876445155,2026-03-02 20:59:32.812375,2026-03-02 21:00:08.384497,0 days 00:00:35.572122,0.4490554191693232,9,0.6955750625745155,2.8978251200615612,1.1731708039908721e-07,0.14058540215254575,9,92,9.4723566404409e-05,230,4,COMPLETE
208,0.4586434389067541,0.548425033744504,0.547649912464752,-925.0,0.01721602210216705,2026-03-02 21:00:08.384662,2026-03-02 21:00:44.282373,0 days 00:00:35.897711,0.6285345139786129,2,0.5951099932160483,5.377756938484307e-07,3.926414226888425e-07,0.14929067097793136,8,54,1.7611848632793023e-05,151,4,COMPLETE
209,0.4629679165261903,0.5419033236665909,0.5274700308712096,-1345.0,0.017114820190287122,2026-03-02 21:00:44.282558,2026-03-02 21:01:15.535571,0 days 00:00:31.253013,0.6793588108794761,4,0.7009097768123198,1.0676256433841842,0.002077300593178723,0.2063696403063293,6,18,5.978368847178422e-07,96,4,COMPLETE
210,0.45434356205502535,0.5470886177449317,0.5401392545471555,-1192.0,0.01729664810504603,2026-03-02 21:01:15.535735,2026-03-02 21:01:50.761569,0 days 00:00:35.225834,0.6285345139786129,9,0.9406948062945933,3.2116593962560474e-08,1.1731708039908721e-07,0.2063696403063293,7,96,0.00035423059272322546,96,4,COMPLETE
211,0.4571973851742043,0.5463669531051626,0.5574992983816003,-978.0,0.01731629885814729,2026-03-02 21:01:50.761733,2026-03-02 21:02:22.670882,0 days 00:00:31.909149,0.5827682615040224,1,0.8850384088698767,0.0021465011216654484,0.00039511700681839584,0.17310640936212143,5,43,0.02942659586179089,109,4,COMPLETE
212,0.4483612153474241,0.5941571892498697,0.5416226763066807,-1298.0,0.01728516670239283,2026-03-02 21:02:22.671046,2026-03-02 21:03:00.920914,0 days 00:00:38.249868,0.6285345139786129,1,0.42156536427804525,0.0003061820950336995,0.002077300593178723,0.2063696403063293,10,54,1.7611848632793023e-05,75,4,COMPLETE
213,0.46353513489566345,0.5965493738891041,0.5501490103839524,-1183.0,0.01724605056872858,2026-03-02 21:03:00.921072,2026-03-02 21:03:31.147533,0 days 00:00:30.226461,0.4530955012311517,2,0.49359671220172163,0.0006822740860962605,8.471746987003668e-06,0.2063696403063293,6,18,5.978368847178422e-07,35,4,COMPLETE
214,0.4595405389420014,0.5692463950178411,0.5454314619054619,-1393.0,0.017221139265642824,2026-03-02 21:03:31.147697,2026-03-02 21:04:07.002589,0 days 00:00:35.854892,0.6793588108794761,9,0.7854515669237894,2.8978251200615612,0.002077300593178723,0.15584289782385466,6,63,0.0005900206905337166,230,4,COMPLETE
215,0.44876133068202373,0.5532361313429645,0.5362101915084128,-1107.0,0.017245168568106324,2026-03-02 21:04:07.002758,2026-03-02 21:04:42.852493,0 days 00:00:35.849735,0.8789771073800651,7,0.847263684510598,7.672482668451368e-05,0.14525598138964962,0.1568644624233575,11,93,0.0005900206905337166,181,4,COMPLETE
216,0.45891981536854276,0.5340719259090969,0.5367447579082416,-1426.0,0.017138274593842606,2026-03-02 21:04:42.852650,2026-03-02 21:05:18.046627,0 days 00:00:35.193977,0.5952398188955607,6,0.8711055768358081,0.007025804993039185,2.6185068507773707e-08,0.14058540215254575,7,92,1.1355313900795548e-05,149,4,COMPLETE
217,0.4496503893136199,0.6237053470004144,0.5338580993491654,-573.0,0.017129460432913416,2026-03-02 21:05:18.046796,2026-03-02 21:05:55.297555,0 days 00:00:37.250759,0.8032813284435272,2,0.4723815226603605,1.3763785504379889e-06,7.194547191999084e-07,0.064646697464924,9,54,8.523763283991313e-06,109,4,COMPLETE
218,0.4567978229028442,0.5737634810963956,0.5464337739051413,-1118.0,0.017200470436073756,2026-03-02 21:05:55.297725,2026-03-02 21:06:31.083880,0 days 00:00:35.786155,0.8789771073800651,1,0.7009097768123198,0.020782696494253818,0.002077300593178723,0.1568644624233575,11,93,2.6635900992131406e-05,210,4,COMPLETE
219,0.4534017668593696,0.5650366846191883,0.5160035815948789,-914.0,0.017111287178477114,2026-03-02 21:06:31.084042,2026-03-02 21:07:02.055245,0 days 00:00:30.971203,0.7326124315068404,7,0.4221321684127197,3.580825455509506e-06,0.37937639749880375,0.09362115196011853,6,35,0.024923777946843334,75,4,COMPLETE
220,0.4628633350203847,0.5517393454234434,0.5473559009448461,-1386.0,0.01727712080067103,2026-03-02 21:07:02.055401,2026-03-02 21:07:36.964048,0 days 00:00:34.908647,0.5827682615040224,7,0.8850384088698767,0.9658611176861261,1.8524251452989914e-05,0.18832519048593593,5,43,0.02942659586179089,56,4,COMPLETE
221,0.4860652588596227,0.5249308404720221,0.5415157630267149,-1959.0,0.01751816978003857,2026-03-02 21:07:36.964208,2026-03-02 21:08:12.807006,0 days 00:00:35.842798,0.4530955012311517,6,0.4235872839046594,0.002570603566117596,8.471746987003668e-06,0.2705166881899928,9,91,0.00010123111576467842,210,4,COMPLETE
222,0.4519135140798818,0.5752602670159167,0.5660256324588717,-541.0,0.017247142090594185,2026-03-02 21:08:12.807184,2026-03-02 21:08:48.788690,0 days 00:00:35.981506,0.9919091492757878,7,0.7083936934958864,0.020782696494253818,0.14525598138964962,0.1568644624233575,6,93,0.0005900206905337166,181,4,COMPLETE
223,0.4555852283536983,0.5741376775762759,0.5508439467037299,-820.0,0.017245648272177113,2026-03-02 21:08:48.788855,2026-03-02 21:09:26.465227,0 days 00:00:37.676372,0.9838063328514673,4,0.8711055768358081,1.0676256433841842,0.0001778010520878397,0.2063696403063293,6,18,5.978368847178422e-07,96,4,COMPLETE
224,0.4572719564747596,0.5875152017319951,0.5624974942200007,-1108.0,0.01760134189720528,2026-03-02 21:09:26.465390,2026-03-02 21:09:58.956891,0 days 00:00:32.491501,0.918833425753032,6,0.5951099932160483,2.906088000706637e-08,1.3647123622467758e-06,0.2640288328540435,9,65,0.024923777946843334,75,4,COMPLETE
225,0.45523381297227383,0.5807796650941506,0.575487457735844,-1406.0,0.017357769623414815,2026-03-02 21:09:58.957050,2026-03-02 21:10:29.308274,0 days 00:00:30.351224,0.8032813284435272,2,0.41582018469835125,1.6353832883085838e-06,1.6965978234377985e-06,0.21959317857485672,4,54,0.007542162607253638,109,4,COMPLETE
226,0.4732180985258244,0.7927352426263248,0.55712510190172,-5.0,0.017337854916766475,2026-03-02 21:10:29.308450,2026-03-02 21:11:05.052927,0 days 00:00:35.744477,0.918833425753032,3,0.5951099932160483,4.705218477150983,0.577129639351335,0.01727212894967222,6,64,1.7774889023514332e-07,165,4,COMPLETE
227,0.4646971139694379,0.5069159527977869,0.5654509735790557,-1912.0,0.01734533665478816,2026-03-02 21:11:05.053086,2026-03-02 21:11:35.443730,0 days 00:00:30.390644,0.5952398188955607,9,0.5040241571768529,3.7920256746763364e-06,0.002077300593178723,0.21959317857485672,6,54,0.04007216683832529,165,4,COMPLETE
228,0.45002408917527315,0.5345663998289387,0.5617491012602402,-1569.0,0.01716687868540939,2026-03-02 21:11:35.443882,2026-03-02 21:12:11.997979,0 days 00:00:36.554097,0.6793588108794761,1,0.5951099932160483,3.7920256746763364e-06,0.00039511700681839584,0.15584289782385466,6,18,1.2113265745664113e-06,201,4,COMPLETE
229,0.4616097322799253,0.544509334865757,0.5489328718243415,-1781.0,0.017283966118588512,2026-03-02 21:12:11.998163,2026-03-02 21:12:50.519656,0 days 00:00:38.521493,0.9838063328514673,7,0.8711055768358081,0.9658611176861261,0.0001778010520878397,0.18832519048593593,6,15,1.2113265745664113e-06,165,4,COMPLETE
230,0.470161097776261,0.5697007764576958,0.5230732222326165,-1508.0,0.017448220659069192,2026-03-02 21:12:50.519819,2026-03-02 21:13:24.745857,0 days 00:00:34.226038,0.5952398188955607,5,0.42156536427804525,3.7920256746763364e-06,0.06178540058459777,0.29046659796387364,12,80,1.1355313900795548e-05,114,4,COMPLETE
231,0.4519021628769596,0.5616020955002874,0.5347668622288746,-1098.0,0.0172457665639567,2026-03-02 21:13:24.746029,2026-03-02 21:13:59.518414,0 days 00:00:34.772385,0.9894271701451638,9,0.8877406054780466,2.8978251200615612,0.0015110109127219476,0.14058540215254575,8,57,5.613529818012969e-06,96,4,COMPLETE
232,0.4718983198203336,0.5277239499111284,0.5507370334237641,-1696.0,0.017431123907561994,2026-03-02 21:13:59.518583,2026-03-02 21:14:40.062416,0 days 00:00:40.543833,0.4530955012311517,9,0.7083936934958864,2.5529693461039728e-08,0.00039511700681839584,0.15584289782385466,12,91,0.00010123111576467842,230,4,COMPLETE
233,0.46197791545195344,0.5232870487925482,0.529822123030457,-1442.0,0.017089006131392366,2026-03-02 21:14:40.062596,2026-03-02 21:15:18.992869,0 days 00:00:38.930273,0.8032813284435272,9,0.9406948062945933,0.11294762797036331,0.0015110109127219476,0.15584289782385466,7,67,8.209260718547433e-05,96,4,COMPLETE
234,0.4610136495149517,0.5696473198177129,0.5450973579055689,-1129.0,0.01726778484965959,2026-03-02 21:15:18.993033,2026-03-02 21:15:51.246034,0 days 00:00:32.253001,0.918833425753032,6,0.42156536427804525,1.3763785504379889e-06,0.002077300593178723,0.2063696403063293,6,54,0.04007216683832529,42,4,COMPLETE
235,0.45875704674783657,0.5227391182327235,0.5313857297499566,-1060.0,0.017120784115755076,2026-03-02 21:15:51.246194,2026-03-02 21:16:24.276876,0 days 00:00:33.030682,0.5684634174645135,9,0.41582018469835125,0.006445411701103587,3.926414226888425e-07,0.14929067097793136,8,64,1.2692390066153125e-08,110,4,COMPLETE
236,0.4662234426682992,0.5456452884653935,0.520828043353335,-1656.0,0.0172083456134309,2026-03-02 21:16:24.277047,2026-03-02 21:17:03.343868,0 days 00:00:39.066821,0.9193042755363882,6,0.9406948062945933,1.3763785504379889e-06,0.002077300593178723,0.21959317857485672,9,98,1.1355313900795548e-05,109,4,COMPLETE
237,0.45409293002565243,0.5367447579082416,0.560653240140591,-962.0,0.017186681311143284,2026-03-02 21:17:03.344026,2026-03-02 21:17:36.013848,0 days 00:00:32.669822,0.7136396976291964,5,0.890243242569568,2.3287573660243307e-07,2.094717415271254e-06,0.14058540215254575,6,20,0.0014611204285143939,56,4,COMPLETE
238,0.4651679291619156,0.5354350702286608,0.5469549761449743,-1195.0,0.017243531017015687,2026-03-02 21:17:36.014037,2026-03-02 21:18:13.422354,0 days 00:00:37.408317,0.5684634174645135,1,0.7121846205422759,1.1549659339590204e-08,3.926414226888425e-07,0.14929067097793136,8,43,0.007542162607253638,98,4,COMPLETE
239,0.47834594322286383,0.7571197562377217,0.562003020300159,-1.0,0.017328558363612294,2026-03-02 21:18:13.422538,2026-03-02 21:18:46.361096,0 days 00:00:32.938558,0.6285345139786129,10,0.8711055768358081,0.9658611176861261,0.0001778010520878397,0.0178822304552338,6,70,5.978368847178422e-07,98,4,COMPLETE
240,0.46240204810293095,0.5835861386932524,0.5531425822229944,-679.0,0.01722915052863141,2026-03-02 21:18:46.361257,2026-03-02 21:19:22.211075,0 days 00:00:35.849818,0.6569104889903886,9,0.9531245410138701,0.007025804993039185,5.4122209873095514e-05,0.08296549089384075,12,30,1.2692390066153125e-08,107,4,COMPLETE
241,0.4593172687064506,0.5291138225506835,0.5392438558274419,-617.0,0.017131394323639228,2026-03-02 21:19:22.211256,2026-03-02 21:19:59.119950,0 days 00:00:36.908694,0.6793588108794761,6,0.7340577358083579,3.7920256746763364e-06,0.002077300593178723,0.2063696403063293,6,18,7.479650732188741e-05,96,4,COMPLETE
242,0.45441358765481055,0.5482646638245553,0.5400323412671897,-1401.0,0.017301996408273512,2026-03-02 21:19:59.120142,2026-03-02 21:20:34.704051,0 days 00:00:35.583909,0.6569104889903886,9,0.5679874561961705,4.705218477150983,0.577129639351335,0.08296549089384075,10,62,1.2692390066153125e-08,107,4,COMPLETE
243,0.474152391080791,0.5553476686222887,0.5586619803012282,-1440.0,0.017292910229058576,2026-03-02 21:20:34.704222,2026-03-02 21:21:12.351131,0 days 00:00:37.646909,0.8032813284435272,9,0.5942075418425462,0.11294762797036331,0.00039511700681839584,0.2063696403063293,9,27,8.209260718547433e-05,200,4,COMPLETE
244,0.46532641055937085,0.5796838039745011,0.5355286193486308,-1755.0,0.017166451981630394,2026-03-02 21:21:12.351332,2026-03-02 21:21:46.789287,0 days 00:00:34.437955,0.9838063328514673,1,0.8334712691569032,0.9658611176861261,3.926414226888425e-07,0.09362115196011853,6,48,2.5145872009399656e-05,104,4,COMPLETE
245,0.4590432861111471,0.5997835006080693,0.5330027931094391,-1238.0,0.017057241825079814,2026-03-02 21:21:46.789452,2026-03-02 21:22:24.785532,0 days 00:00:37.996080,0.5952398188955607,3,0.42156536427804525,3.7920256746763364e-06,0.002077300593178723,0.064646697464924,12,18,0.0005900206905337166,201,4,COMPLETE
246,0.47767158788796216,0.8096676333409063,0.5667606612586367,-5.0,0.01728824855003605,2026-03-02 21:22:24.785700,2026-03-02 21:22:58.109999,0 days 00:00:33.324299,0.9838063328514673,7,0.5463937860274501,1.0676256433841842,0.002077300593178723,0.0147784169264964,6,18,5.978368847178422e-07,96,4,COMPLETE
247,0.47311607069210715,0.5224584708728133,0.566306279818782,-1776.0,0.017344467025046703,2026-03-02 21:22:58.110216,2026-03-02 21:23:31.156342,0 days 00:00:33.046126,0.46813455531977743,7,0.5951099932160483,3.959815754230992e-06,3.926414226888425e-07,0.2063696403063293,8,18,0.024923777946843334,151,4,COMPLETE
248,0.47102932412082754,0.5486121319844441,0.5389899367875233,-1630.0,0.017284901317578302,2026-03-02 21:23:31.158159,2026-03-02 21:24:12.364040,0 days 00:00:41.205881,0.8789771073800651,6,0.7009097768123198,2.5529693461039728e-08,0.14525598138964962,0.2705166881899928,11,91,0.00010123111576467842,201,4,COMPLETE
249,0.4713480290470672,0.5305437876702259,0.5682039905381747,-1234.0,0.01733764471795598,2026-03-02 21:24:12.364212,2026-03-02 21:24:46.957787,0 days 00:00:34.593575,0.8908088595534959,9,0.5463937860274501,1.0676256433841842,3.926414226888425e-07,0.2063696403063293,8,24,8.209260718547433e-05,96,4,COMPLETE
250,0.4753968849018698,0.5809266708541034,0.5540647092626994,-1188.0,0.017265741363902482,2026-03-02 21:24:46.957974,2026-03-02 21:25:19.400461,0 days 00:00:32.442487,0.5684634174645135,6,0.5463937860274501,1.0676256433841842,8.471746987003668e-06,0.2063696403063293,7,18,0.00010123111576467842,96,5,COMPLETE
251,0.46296136985906444,0.5650233204591926,0.5387226535876087,-1107.0,0.01718134760239266,2026-03-02 21:25:19.400635,2026-03-02 21:25:51.662240,0 days 00:00:32.261605,0.8032813284435272,9,0.42200992173435875,4.705218477150983,0.00039511700681839584,0.15584289782385466,10,20,8.523763283991313e-06,201,5,COMPLETE
252,0.4721236364256216,0.583171849733385,0.5316262846298796,-1271.0,0.01726626168729361,2026-03-02 21:25:51.662399,2026-03-02 21:26:22.938425,0 days 00:00:31.276026,0.5952398188955607,6,0.4221321684127197,2.906088000706637e-08,0.0006213050634026596,0.2640288328540435,9,35,0.0005900206905337166,75,5,COMPLETE
253,0.4629837161879945,0.5352880644687078,0.5215096155131169,-784.0,0.01721554706580659,2026-03-02 21:26:22.938598,2026-03-02 21:26:53.349465,0 days 00:00:30.410867,0.9193042755363882,6,0.9406948062945933,3.7920256746763364e-06,0.002077300593178723,0.21959317857485672,6,18,7.479650732188741e-05,109,5,COMPLETE
254,0.4697581835198109,0.8930599917142208,0.5816483354938725,-0.0,0.01727686929640814,2026-03-02 21:26:53.349634,2026-03-02 21:27:23.337437,0 days 00:00:29.987803,0.6793588108794761,6,0.42156536427804525,3.7920256746763364e-06,0.002077300593178723,0.011927506110875273,6,18,7.479650732188741e-05,96,5,COMPLETE
255,0.46450173928557414,0.6126130942039638,0.5555614951822203,-1186.0,0.017142940668925865,2026-03-02 21:27:23.337612,2026-03-02 21:27:55.937913,0 days 00:00:32.600301,0.8377637070028384,9,0.847263684510598,7.672482668451368e-05,0.14525598138964962,0.1568644624233575,6,20,0.0005900206905337166,201,5,COMPLETE
256,0.45569464228084167,0.5415558555067022,0.5301695911903457,-1793.0,0.01724928049973025,2026-03-02 21:27:55.938070,2026-03-02 21:28:29.876250,0 days 00:00:33.938180,0.9193042755363882,6,0.9406948062945933,2.8978251200615612,0.002077300593178723,0.21959317857485672,9,57,1.1355313900795548e-05,109,5,COMPLETE
257,0.4541936879947108,0.5304636027102516,0.5521669985433066,-1851.0,0.017244780928335195,2026-03-02 21:28:29.876414,2026-03-02 21:29:00.864421,0 days 00:00:30.988007,0.6285345139786129,1,0.8334712691569032,0.006445411701103587,3.926414226888425e-07,0.09362115196011853,8,48,2.5145872009399656e-05,104,5,COMPLETE
258,0.4512312524789531,0.5508573108637256,0.5842944391730258,-1678.0,0.01750607732346803,2026-03-02 21:29:00.864575,2026-03-02 21:29:36.416724,0 days 00:00:35.552149,0.6569104889903886,2,0.9569911375526352,4.705218477150983,0.47542837613348465,0.09362115196011853,12,43,2.5145872009399656e-05,104,5,COMPLETE
259,0.46083882611766114,0.5974180442888262,0.544268779985834,-1480.0,0.017185317060627123,2026-03-02 21:29:36.416896,2026-03-02 21:30:08.666374,0 days 00:00:32.249478,0.8789771073800651,1,0.43802498228366066,7.919768558074373e-06,0.14525598138964962,0.14929067097793136,11,93,0.0005900206905337166,104,5,COMPLETE
260,0.454767161305645,0.5963890039691555,0.5374931508680022,-1428.0,0.017111982827577036,2026-03-02 21:30:08.666559,2026-03-02 21:30:45.948463,0 days 00:00:37.281904,0.4530955012311517,8,0.4723815226603605,7.964978443735498e-06,7.194547191999084e-07,0.064646697464924,12,30,0.00010123111576467842,253,5,COMPLETE
261,0.4731429713019739,0.581915618693787,0.5427051732663344,-1054.0,0.017279150520873476,2026-03-02 21:30:45.948647,2026-03-02 21:31:17.727254,0 days 00:00:31.778607,0.6793588108794761,4,0.7009097768123198,0.1944777909175647,0.00039511700681839584,0.2063696403063293,10,20,5.978368847178422e-07,96,5,COMPLETE
262,0.4655369789307717,0.5775856308551726,0.552674836623144,-1156.0,0.0173171706085096,2026-03-02 21:31:17.727416,2026-03-02 21:31:44.803409,0 days 00:00:27.075993,0.6569104889903886,1,0.9569911375526352,0.0021465011216654484,0.013599548807586343,0.24500297851058134,5,43,0.02942659586179089,244,5,COMPLETE
263,0.4529875260679762,0.6200836596415733,0.558140778061395,-1126.0,0.017103306640442108,2026-03-02 21:31:44.803582,2026-03-02 21:32:19.935542,0 days 00:00:35.131960,0.4490554191693232,9,0.4723815226603605,1.3763785504379889e-06,7.194547191999084e-07,0.064646697464924,9,64,8.523763283991313e-06,198,5,COMPLETE
264,0.4564684338816365,0.5663463722987692,0.5463001323051839,-683.0,0.01725297475823162,2026-03-02 21:32:19.935726,2026-03-02 21:32:50.720263,0 days 00:00:30.784537,0.8789771073800651,7,0.7009097768123198,0.9658611176861261,0.002077300593178723,0.18832519048593593,6,15,1.2113265745664113e-06,165,5,COMPLETE
265,0.45997342836802146,0.542143878546514,0.5329894289494435,-1721.0,0.017307264001974663,2026-03-02 21:32:50.720430,2026-03-02 21:33:22.720431,0 days 00:00:32.000001,0.8908088595534959,9,0.682945713130095,0.11294762797036331,1.6965978234377985e-06,0.21959317857485672,9,54,8.523763283991313e-06,96,5,COMPLETE
266,0.4620795782710827,0.6012401940476031,0.5519665361433708,-449.0,0.017202954056003486,2026-03-02 21:33:22.720591,2026-03-02 21:33:57.385569,0 days 00:00:34.664978,0.8032813284435272,7,0.8711055768358081,1.3763785504379889e-06,7.194547191999084e-07,0.064646697464924,9,54,1.3628760254496054e-08,105,5,COMPLETE
267,0.4534379740899561,0.6031245406070002,0.5508573108637256,-449.0,0.017287166631421526,2026-03-02 21:33:57.385741,2026-03-02 21:34:28.014530,0 days 00:00:30.628789,0.6093209599257972,4,0.4723815226603605,2.321465844037551,0.002077300593178723,0.064646697464924,9,47,0.0005900206905337166,96,5,COMPLETE
268,0.468330182457815,0.5534633220628917,0.5277239499111284,-1782.0,0.0171454306156096,2026-03-02 21:34:28.014694,2026-03-02 21:35:04.374390,0 days 00:00:36.359696,0.5684634174645135,4,0.8334712691569032,1.0676256433841842,3.926414226888425e-07,0.2063696403063293,8,18,5.978368847178422e-07,96,5,COMPLETE
269,0.4652192256880121,0.5504964785438411,0.5511646865436273,-1001.0,0.017322056811508085,2026-03-02 21:35:04.374616,2026-03-02 21:35:38.286693,0 days 00:00:33.912077,0.8789771073800651,7,0.6955750625745155,3.2116593962560474e-08,0.14525598138964962,0.1568644624233575,7,93,0.0005900206905337166,181,5,COMPLETE
270,0.4574823199946826,0.6243735550002005,0.5421171502265225,-831.0,0.01719365818667268,2026-03-02 21:35:38.286869,2026-03-02 21:36:14.448830,0 days 00:00:36.161961,0.6569104889903886,2,0.4723815226603605,1.3763785504379889e-06,0.00039511700681839584,0.064646697464924,10,54,1.2113265745664113e-06,109,5,COMPLETE
271,0.45670275823184037,0.6129605623638525,0.5329760647894477,-886.0,0.017064261116387303,2026-03-02 21:36:14.449849,2026-03-02 21:36:48.480449,0 days 00:00:34.030600,0.5952398188955607,6,0.42156536427804525,3.7920256746763364e-06,0.002077300593178723,0.064646697464924,12,18,1.1355313900795548e-05,201,5,COMPLETE
272,0.46714922477050624,0.5842276183730472,0.5397784222272709,-573.0,0.01740271751244388,2026-03-02 21:36:48.480636,2026-03-02 21:37:22.100023,0 days 00:00:33.619387,0.7326124315068404,6,0.7009097768123198,0.020782696494253818,0.37937639749880375,0.2640288328540435,11,35,2.6635900992131406e-05,75,5,COMPLETE
273,0.4597342601562574,0.5632458871797613,0.5800980929343686,-978.0,0.017389290854267176,2026-03-02 21:37:22.100224,2026-03-02 21:37:55.051595,0 days 00:00:32.951371,0.918833425753032,7,0.5951099932160483,0.2989335571902533,0.03580528521176685,0.15584289782385466,6,54,0.04007216683832529,201,5,COMPLETE
274,0.46170976593991897,0.5297285739104869,0.5619629278201719,-1439.0,0.017234890475044142,2026-03-02 21:37:55.051779,2026-03-02 21:38:24.559959,0 days 00:00:29.508180,0.5827682615040224,1,0.8850384088698767,0.0021465011216654484,0.00039511700681839584,0.17310640936212143,5,97,0.04007216683832529,109,5,COMPLETE
275,0.45854457143440586,0.5826640116535475,0.5299557646304142,-1012.0,0.017155182293129487,2026-03-02 21:38:24.560123,2026-03-02 21:38:56.981691,0 days 00:00:32.421568,0.7326124315068404,9,0.4221321684127197,3.580825455509506e-06,3.926414226888425e-07,0.09362115196011853,6,64,0.024923777946843334,75,5,COMPLETE
276,0.46292806772989037,0.5930746922902161,0.5443088724658212,-734.0,0.017122883805094774,2026-03-02 21:38:56.981903,2026-03-02 21:39:30.344967,0 days 00:00:33.363064,0.8377637070028384,6,0.42156536427804525,3.7920256746763364e-06,0.00039511700681839584,0.15584289782385466,6,18,1.1355313900795548e-05,48,5,COMPLETE
277,0.458555088216125,0.5616956446202575,0.5810335841340692,-1453.0,0.017384633082609232,2026-03-02 21:39:30.345165,2026-03-02 21:40:02.775727,0 days 00:00:32.430562,0.8032813284435272,1,0.8334712691569032,0.9658611176861261,1.3142409992238578e-07,0.064646697464924,9,54,8.523763283991313e-06,109,5,COMPLETE
278,0.45597496597677933,0.5418632311866038,0.5253050369519023,-981.0,0.017064096571728363,2026-03-02 21:40:02.775892,2026-03-02 21:40:34.746499,0 days 00:00:31.970607,0.8032813284435272,9,0.9406948062945933,0.03782746837278631,0.0015110109127219476,0.15584289782385466,7,67,8.209260718547433e-05,96,5,COMPLETE
279,0.4626873965589413,0.5636334478196373,0.5264276263915432,-987.0,0.017179685938961225,2026-03-02 21:40:34.746673,2026-03-02 21:41:09.511597,0 days 00:00:34.764924,0.8377637070028384,9,0.7009097768123198,0.020782696494253818,2.7865324915715872,0.15584289782385466,6,20,0.0005900206905337166,181,5,COMPLETE
280,0.4657401340382188,0.5391102142274847,0.5311318107100378,-1180.0,0.017032539416258353,2026-03-02 21:41:09.511751,2026-03-02 21:41:41.414234,0 days 00:00:31.902483,0.6793588108794761,1,0.8334712691569032,7.919768558074373e-06,0.00039511700681839584,0.15584289782385466,8,18,1.2113265745664113e-06,104,5,COMPLETE
281,0.4631250279570429,0.5494540740641747,0.5630855172598126,-1164.0,0.017246118140327987,2026-03-02 21:41:41.414414,2026-03-02 21:42:15.133614,0 days 00:00:33.719200,0.8032813284435272,9,0.7009097768123198,0.020782696494253818,0.002077300593178723,0.1568644624233575,7,67,8.209260718547433e-05,96,5,COMPLETE
282,0.4720542028573328,0.5575661191815788,0.5436273003060392,-890.0,0.017472395612265167,2026-03-02 21:42:15.133774,2026-03-02 21:42:46.304390,0 days 00:00:31.170616,0.46813455531977743,7,0.5951099932160483,3.959815754230992e-06,3.926414226888425e-07,0.2063696403063293,8,26,5.5578727415433225e-08,79,5,COMPLETE
283,0.4716730214478997,0.7872693011880738,0.5604394135806594,-9.0,0.017245289660617235,2026-03-02 21:42:46.304588,2026-03-02 21:43:19.946130,0 days 00:00:33.641542,0.7136396976291964,3,0.8446723895740355,3.7920256746763364e-06,0.002077300593178723,0.012537849427052715,12,20,0.0014611204285143939,56,5,COMPLETE
284,0.45756757968028927,0.591724912130648,0.5528619348630841,-589.0,0.01716372977427499,2026-03-02 21:43:19.946345,2026-03-02 21:43:58.908665,0 days 00:00:38.962320,0.7136396976291964,8,0.4838634259757737,1.1549659339590204e-08,0.0001778010520878397,0.07056127924169929,8,43,0.004358988510425021,105,5,COMPLETE
285,0.44940962662089357,0.576356128135566,0.5486522244644313,-1372.0,0.017040681791006266,2026-03-02 21:43:58.908864,2026-03-02 21:44:32.925246,0 days 00:00:34.016382,0.49819356571942275,7,0.5209763920286468,1.1549659339590204e-08,0.0001778010520878397,0.18832519048593593,6,43,1.2113265745664113e-06,98,5,COMPLETE
286,0.46019434227531597,0.5961751774092239,0.5489462359843372,-1013.0,0.017203176023668994,2026-03-02 21:44:32.926488,2026-03-02 21:45:04.881752,0 days 00:00:31.955264,0.6764672608196355,9,0.7121846205422759,0.00970007263392724,7.194547191999084e-07,0.09362115196011853,9,43,5.978368847178422e-07,54,5,COMPLETE
287,0.46120867419951905,0.5752602670159167,0.5383484571077285,-1757.0,0.01715472096362559,2026-03-02 21:45:04.881912,2026-03-02 21:45:42.831875,0 days 00:00:37.949963,0.8908088595534959,7,0.7009097768123198,0.020782696494253818,0.14525598138964962,0.1568644624233575,11,93,2.533930212893304e-06,141,5,COMPLETE
288,0.45933136306014044,0.5420636935865396,0.5449369879856202,-1593.0,0.017360283501123324,2026-03-02 21:45:42.832066,2026-03-02 21:46:17.035596,0 days 00:00:34.203530,0.8032813284435272,9,0.9406948062945933,3.404128666261972e-05,1.6965978234377985e-06,0.2063696403063293,9,18,5.978368847178422e-07,109,5,COMPLETE
289,0.46541017658097295,0.5540914375826907,0.524022077592313,-989.0,0.017121862194400112,2026-03-02 21:46:17.035763,2026-03-02 21:46:54.537916,0 days 00:00:37.502153,0.4530955012311517,9,0.4235872839046594,0.002570603566117596,8.471746987003668e-06,0.14058540215254575,9,91,0.00010123111576467842,210,5,COMPLETE
290,0.4675688943048171,0.5107247383965681,0.5359161799885068,-1922.0,0.017336594731691492,2026-03-02 21:46:54.538086,2026-03-02 21:47:28.931040,0 days 00:00:34.392954,0.5684634174645135,4,0.6634809451421311,1.0676256433841842,3.926414226888425e-07,0.2063696403063293,9,18,8.523763283991313e-06,96,5,COMPLETE
291,0.47446239857814054,0.6815053389819183,0.5559490558220963,-280.0,0.017192840446787025,2026-03-02 21:47:28.931198,2026-03-02 21:47:59.615383,0 days 00:00:30.684185,0.6776078714017639,1,0.8850384088698767,0.002570603566117596,8.471746987003668e-06,0.03604065112780509,5,91,0.00010123111576467842,109,5,COMPLETE
292,0.46217436337165774,0.5521135419033236,0.5465674155050984,-974.0,0.017400938223910964,2026-03-02 21:47:59.615543,2026-03-02 21:48:34.372148,0 days 00:00:34.756605,0.5684634174645135,4,0.7854515669237894,2.8978251200615612,0.00039511700681839584,0.2063696403063293,9,24,0.0005900206905337166,230,5,COMPLETE
293,0.4543083815843769,0.5330829780694135,0.5422374276664841,-1003.0,0.01731084054615189,2026-03-02 21:48:34.373437,2026-03-02 21:49:12.336737,0 days 00:00:37.963300,0.7136396976291964,5,0.9569911375526352,4.705218477150983,0.47542837613348465,0.14058540215254575,12,43,1.2692390066153125e-08,56,5,COMPLETE
294,0.4637130782560388,0.5525946516631697,0.5396314164673179,-1611.0,0.01722846272213349,2026-03-02 21:49:12.336938,2026-03-02 21:49:44.098897,0 days 00:00:31.761959,0.5684634174645135,9,0.9406948062945933,0.006445411701103587,3.926414226888425e-07,0.14929067097793136,8,98,1.1355313900795548e-05,109,5,COMPLETE
295,0.4589488134716395,0.5702487070175204,0.5502826519839096,-915.0,0.017174060859778566,2026-03-02 21:49:44.099066,2026-03-02 21:50:23.145299,0 days 00:00:39.046233,0.8032813284435272,9,0.4221321684127197,0.11294762797036331,0.37937639749880375,0.09362115196011853,9,55,8.523763283991313e-06,195,5,COMPLETE
296,0.4712523905774212,0.5462600398251968,0.5487324094244057,-1702.0,0.017270549776383717,2026-03-02 21:50:23.146850,2026-03-02 21:51:02.188172,0 days 00:00:39.041322,0.9150476511058071,5,0.9584543953621388,1.2478752165059492,2.094717415271254e-06,0.29046659796387364,6,80,0.0014611204285143939,70,5,COMPLETE
297,0.46204311542303245,0.5177542865543187,0.5474895425448034,-1464.0,0.017236259307601608,2026-03-02 21:51:02.188588,2026-03-02 21:51:38.395065,0 days 00:00:36.206477,0.8032813284435272,2,0.4723815226603605,0.9658611176861261,0.0001778010520878397,0.18832519048593593,6,54,1.2113265745664113e-06,165,5,COMPLETE
298,0.4647943201070256,0.5439747684659281,0.5604928702206422,-1065.0,0.017352513078192938,2026-03-02 21:51:38.396312,2026-03-02 21:52:13.072949,0 days 00:00:34.676637,0.5684634174645135,9,0.41582018469835125,3.580825455509506e-06,3.926414226888425e-07,0.14929067097793136,8,35,0.024923777946843334,75,5,COMPLETE
299,0.449841035253159,0.5441084100658853,0.5231400430325952,-1782.0,0.017091109900048886,2026-03-02 21:52:13.073152,2026-03-02 21:52:50.666120,0 days 00:00:37.592968,0.7261317166683932,7,0.7121846205422759,1.4396237364949478,0.004150897059827092,0.21959317857485672,6,43,5.978368847178422e-07,98,5,COMPLETE
