ticker,announcement_date
14430.T,2026-02-16
21340.T,2026-02-16
21580.T,2026-02-16
25940.T,2026-02-16
26730.T,2026-02-16
33700.T,2026-02-16
36860.T,2026-02-16
37530.T,2026-02-16
38560.T,2026-02-16
39050.T,2026-02-16
40310.T,2026-02-16
43760.T,2026-02-16
46510.T,2026-02-16
47540.T,2026-02-16
476A0.T,2026-02-16
49720.T,2026-02-16
60390.T,2026-02-16
60960.T,2026-02-16
63430.T,2026-02-16
70470.T,2026-02-16
72560.T,2026-02-16
72730.T,2026-02-16
73680.T,2026-02-16
81470.T,2026-02-16
87370.T,2026-02-16
