Date,sp500_ret,sp500_ret_5d,nasdaq_ret,vix_level,vix_change,vix_high,usdjpy_ret,usdjpy_level,nk_futures_ret
2024-02-26,,,,13.739999771118164,,0.0,,150.4980010986328,
2024-02-27,0.0017063496993998672,,0.003696099190204194,13.430000305175781,-0.3099994659423828,0.0,0.000451787821540206,150.5659942626953,-0.0013977128335450617
2024-02-28,-0.001658155060430544,,-0.005460426146002173,13.84000015258789,0.4099998474121094,0.0,-0.0004715483456638747,150.4949951171875,-0.006234889935106236
2024-02-29,0.005229094697149161,,0.009040759717745095,13.399999618530273,-0.4400005340576172,0.0,0.0010698743972323843,150.656005859375,0.006530089628681068
2024-03-01,0.00800782894888763,,0.011373441373127013,13.109999656677246,-0.28999996185302734,0.0,-0.0037237455982706003,150.09500122070312,0.02327948098206334
2024-03-04,-0.0011932620709189656,0.01211560297684633,-0.004143220330287578,13.489999771118164,0.38000011444091797,0.0,6.658787271174305e-05,150.10499572753906,-0.0028592739930383138
2024-03-05,-0.010193100883444606,9.249899496288627e-05,-0.016530603760192664,14.460000038146973,0.9700002670288086,0.0,0.002405034480564394,150.46600341796875,-0.0074803640443834585
2024-03-06,0.005141103203274655,0.0069036801777697665,0.005768667588931464,14.5,0.039999961853027344,0.0,-0.00277143963962867,150.0489959716797,0.013314910187162354
2024-03-07,0.010304127925951478,0.011987167774838436,0.015085253391797115,14.4399995803833,-0.06000041961669922,0.0,-0.005198293892243688,149.2689971923828,-0.014379571092103638
2024-03-08,-0.0065285190034379825,-0.002606565697850116,-0.011569172022392493,14.739999771118164,0.3000001907348633,0.0,-0.009385746557651564,147.8679962158203,-0.022135580430134527
2024-03-11,-0.001122238087346461,-0.0025356422126521228,-0.004093277501581061,15.220000267028809,0.48000049591064453,0.0,-0.007398451109246529,146.7740020751953,-0.015691318327974324
2024-03-12,0.011201787981366396,0.019024764267155048,0.015379609957051343,13.84000015258789,-1.380000114440918,0.0,-0.00028620495247888567,146.73199462890625,0.018032144257154048
2024-03-13,-0.0019245297153407392,0.011861536242408599,-0.00540219254125307,13.75,-0.09000015258789062,0.0,0.0060450937727349885,147.61900329589844,-0.012835322808368632
2024-03-14,-0.0028710915621273925,-0.0013339931660543147,-0.0030436369931828855,14.399999618530273,0.6499996185302734,0.0,1.3540948811119335e-05,147.62100219726562,-0.0023403978676375115
2024-03-15,-0.006482917484461503,-0.0012881532121825634,-0.009632641594030877,14.40999984741211,0.010000228881835938,0.0,0.004572540774759215,148.29600524902344,0.008471262869803153
2024-03-18,0.006318059504952345,0.0061509085353002035,0.008156194047562515,14.329999923706055,-0.07999992370605469,0.0,0.004443791866980185,148.9550018310547,0.02041871284569652
2024-03-19,0.0056491496501236416,0.0006260052290070206,0.003933308886094222,13.819999694824219,-0.5100002288818359,0.0,0.0012688084253960064,149.1439971923828,0.010258358662613931
2024-03-20,0.008904173912846591,0.011482381100254235,0.01253310748131975,13.039999961853027,-0.7799997329711914,0.0,0.012679065234434628,151.03500366210938,0.012536041118214936
2024-03-21,0.0032365354015160275,0.017677926141402844,0.0019811152137096943,12.920000076293945,-0.11999988555908203,0.0,-0.0018208305929443558,150.75999450683594,0.011390367710783611
2024-03-22,-0.0014021878490156903,0.022882211492585736,0.0016449659920487747,13.0600004196167,0.1400003433227539,0.0,0.005790668150980949,151.63299560546875,-0.005875872199779697
2024-03-25,-0.0030549644525015296,0.013354906100998098,-0.0026995005442512765,13.1899995803833,0.12999916076660156,0.0,-0.002163136910787733,151.30499267578125,-0.010343553749538215
2024-03-26,-0.002799795225030266,0.004841221439113141,-0.004197298103708835,13.239999771118164,0.05000019073486328,0.0,0.00044947903997649696,151.3730010986328,0.0033594624860022737
2024-03-27,0.008630626525532925,0.004568775652984636,0.005137342249128984,12.779999732971191,-0.46000003814697266,0.0,0.001037157746260009,151.52999877929688,0.004712301587301626
2024-03-28,0.0011164855071790214,0.0024459104546741273,-0.0012231803666122865,13.010000228881836,0.23000049591064453,0.0,-0.0016036178827812941,151.28700256347656,-0.0027153789187854827
2024-03-29,0.0,0.0038535016368612673,0.0,,,0.0,0.0010113220259320155,151.44000244140625,0.0
2024-04-01,-0.0020135845401164643,0.004902097932852678,0.001060481678206937,13.649999618530273,,0.0,-0.0002773867248537787,151.3979949951172,-0.009282178217821735
2024-04-02,-0.0072390590731691296,0.0004285473530281081,-0.009537202134034861,14.609999656677246,0.9600000381469727,0.0,0.001208725764383134,151.58099365234375,-0.007995003123048128
2024-04-03,0.001091122364688113,-0.007049646345470673,0.0022788632814920717,14.329999923706055,-0.2799997329711914,0.0,-0.0002704848755971101,151.5399932861328,0.009066868152625585
2024-04-04,-0.012334336350379616,-0.020390749517536166,-0.014030437387686057,16.350000381469727,2.020000457763672,0.0,0.00027055805745956896,151.58099365234375,-0.02258829402221385
2024-04-05,0.011099194174331695,-0.00951787623145961,0.01242684640827707,16.030000686645508,-0.31999969482421875,0.0,-0.0019064804834139082,151.29200744628906,0.005362614913176689
2024-04-08,-0.00037463099831791524,-0.007891246690524989,0.0003348261776734418,15.1899995803833,-0.840001106262207,0.0,0.0026306412469176976,151.69000244140625,0.0029210058420117146
2024-04-09,0.0014454931932483817,0.0007876003177413882,0.0032410371150539685,14.979999542236328,-0.21000003814697266,0.0,0.001008635213047615,151.84300231933594,0.003925541344814487
2024-04-10,-0.009456980649108493,-0.009757304603747019,-0.008357288798496176,15.800000190734863,0.8200006484985352,0.0,-0.0004347221832821102,151.77699279785156,-0.009838546922300684
2024-04-11,0.007444797710585593,0.010073437464129809,0.016810934405752542,14.90999984741211,-0.8900003433227539,0.0,0.007820761874831383,152.96400451660156,0.010573248407643288
2024-04-12,-0.01455068829580164,-0.01555042328705536,-0.0162453557122334,17.309999465942383,2.3999996185302734,0.0,0.0014905260024564715,153.19200134277344,-0.019286524643892577
2024-04-15,-0.01202135494776202,-0.027020332732804353,-0.01793315000423834,19.229999542236328,1.9200000762939453,0.0,0.0005940481041508683,153.2830047607422,-0.004241645244215886
2024-04-16,-0.0020565070133361507,-0.03042278950047872,-0.0012445393102040736,18.399999618530273,-0.8299999237060547,0.0,0.006021469197072804,154.20599365234375,-0.006195946818123188
2024-04-17,-0.005780602724641426,-0.02682422569950149,-0.011464041399442126,18.209999084472656,-0.1900005340576172,0.0,0.0031905659623092664,154.697998046875,-0.01779451876867122
2024-04-18,-0.002208160119998248,-0.03614883061325591,-0.005220186514490188,18.0,-0.20999908447265625,0.0,-0.002301276112890105,154.3419952392578,0.00026448029621795044
2024-04-19,-0.00875854812743615,-0.030483637073390857,-0.020478174173957586,18.709999084472656,0.7099990844726562,0.0,0.0017364384247999798,154.61000061035156,-0.0181121099947118
2024-04-22,0.008731248071466746,-0.010118836375296203,0.011078373020564358,16.940000534057617,-1.769998550415039,0.0,0.0001940287121042772,154.63999938964844,0.01669583950451048
2024-04-23,0.011964576270872662,0.003788971365514371,0.015877623641452843,15.6899995803833,-1.2500009536743164,0.0,0.0011187542102526482,154.81300354003906,0.0050324460336379495
2024-04-24,0.0002130100613548791,0.009840273954969225,0.0010263567185926359,15.970000267028809,0.2800006866455078,0.0,-0.0004457005714173512,154.74400329589844,0.007379101330873716
2024-04-25,-0.004576430353515626,0.007443406626707283,-0.006427279398895758,15.369999885559082,-0.6000003814697266,0.0,0.0033280733254887895,155.25900268554688,-0.01386527141922822
2024-04-26,0.01020914263474304,0.026721126460954592,0.02025015947888842,15.029999732971191,-0.3400001525878906,0.0,0.0021769909034390356,155.5970001220703,0.018437458548879126
2024-04-29,0.0031784486665891176,0.02106929752149478,0.003464341573386376,14.670000076293945,-0.3599996566772461,0.0,0.01688335185965184,158.2239990234375,-0.0010419380046887694
2024-04-30,-0.01573051358686217,-0.00687496713847946,-0.020350255647543336,15.649999618530273,0.9799995422363281,0.0,-0.012071516798323634,156.31399536132812,-0.004172099087353276
2024-05-01,-0.0034354388154940185,-0.010497561400167776,-0.003342728598578648,15.390000343322754,-0.25999927520751953,0.0,0.009007541247266548,157.7220001220703,-0.0054988216810683
2024-05-02,0.009128437077573048,0.0031257846379069143,0.015089538105478306,14.680000305175781,-0.7100000381469727,0.0,-0.012794698073394284,155.70399475097656,-0.002106371774618254
2024-05-03,0.012556739721478527,0.005456920904901352,0.019908523092361685,13.489999771118164,-1.1900005340576172,0.0,-0.017077253453155694,153.0449981689453,0.012796833773087046
2024-05-06,0.01032612390701182,0.012620830325419607,0.011940825728499194,13.489999771118164,0.0,0.0,0.0034042020319728916,153.5659942626953,0.013546958447310242
2024-05-07,0.0013434298232750663,0.03018657933172908,-0.0010208682164319915,13.229999542236328,-0.26000022888183594,0.0,0.004369491124940117,154.23699951171875,-0.004369618300989586
2024-05-08,-5.835618166138978e-06,0.033731890216676774,-0.001824564273542717,13.0,-0.22999954223632812,0.0,0.003313093411644319,154.7480010986328,-0.0074867690718988245
2024-05-09,0.005090947698625836,0.029595963238426393,0.0026682598912928235,12.6899995803833,-0.3100004196166992,0.0,0.004336115777002769,155.41900634765625,0.0003901677721420693
2024-05-10,0.001649398844549843,0.018505074504980845,-0.00032971753262078796,12.550000190734863,-0.1399993896484375,0.0,-0.0001930187304747255,155.38900756835938,-0.006370254810192377
2024-05-13,-0.00024130405535727206,0.007852099441327809,0.0028988736124690995,13.600000381469727,1.0500001907348633,0.0,0.002760720352206425,155.8179931640625,-0.00039251602773782146
2024-05-14,0.004837813139759728,0.01136919603065012,0.007501687268846036,13.420000076293945,-0.18000030517578125,0.0,0.0026634186238356783,156.23300170898438,0.010732984293193804
2024-05-15,0.011715927882596233,0.023224295740312817,0.0140032960621852,12.449999809265137,-0.9700002670288086,0.0,0.001696180619649379,156.4980010986328,0.002849002849002913
2024-05-16,-0.0020816677921287052,0.015922275509260064,-0.0026322592446381687,12.420000076293945,-0.029999732971191406,0.0,-0.014159947107388993,154.28199768066406,-0.00387396694214881
2024-05-17,0.0011647735102702228,0.015430744567456633,-0.0007395719535787659,11.989999771118164,-0.43000030517578125,0.0,0.007110357258537148,155.37899780273438,0.0047964739434793735
2024-05-20,0.0009163899374069473,0.016606586375907284,0.0065263471593897115,12.149999618530273,0.15999984741210938,0.0,0.0024134535896291887,155.75399780273438,0.014320732808669856
2024-05-21,0.002501874243978186,0.014243288701625945,0.002247710278890258,11.859999656677246,-0.28999996185302734,0.0,0.003954937421466909,156.3699951171875,-0.011065886542864445
2024-05-22,-0.002706123039226127,-0.00021478984951928126,-0.0018464196133320954,12.289999961853027,0.43000030517578125,0.0,-0.0007609390600812338,156.25100708007812,-0.005787781350482302
2024-05-23,-0.0073807894850155265,-0.005523824992319182,-0.003899033617177028,12.770000457763672,0.48000049591064453,0.0,0.002899102408129073,156.70399475097656,-0.002069857697283295
2024-05-24,0.0070010425881694704,0.00027345304070114373,0.011039641622729413,11.930000305175781,-0.8400001525878906,0.0,0.0017166917256918879,156.97300720214844,0.006092818252527943
2024-05-27,0.0,-0.0006423482552283533,0.0,,,0.0,-0.000656240756274018,156.8699951171875,0.0
2024-05-28,0.0002488018529340774,-0.0028883541648162536,0.005856216072961384,12.920000076293945,,0.0,-0.00015932872609392135,156.84500122070312,0.004252029377657562
2024-05-29,-0.007367046509680453,-0.00754842596521621,-0.005834399316332561,14.279999732971191,1.359999656677246,0.0,0.0026586259316816463,157.26199340820312,-0.016551193225558092
2024-05-30,-0.005975035585443322,-0.006142909473537461,-0.010844781866387043,14.470000267028809,0.1900005340576172,0.0,0.002200202943397178,157.60800170898438,-0.0023483365949119595
2024-05-31,0.00802787620486467,-0.005129478674975041,-0.00012311268544940024,12.920000076293945,-1.5500001907348633,0.0,-0.004155872621913526,156.9530029296875,0.010592389172224381
2024-06-03,0.0011160825806737495,-0.004019121016098248,0.005596072980382338,13.109999656677246,0.18999958038330078,0.0,0.0014462274811997133,157.17999267578125,0.000517598343685366
2024-06-04,0.0015028090913065117,-0.0027704644526386213,0.0016864588530618452,13.15999984741211,0.05000019073486328,0.0,-0.00702372247680505,156.0760040283203,-0.005949301603724755
2024-06-05,0.011847649793331305,0.016533209279489647,0.01962677894658782,12.630000114440918,-0.5299997329711914,0.0,-0.006099663521790921,155.12399291992188,0.014051522248243575
2024-06-06,-0.00019981663563317653,0.02243919963537544,-0.0008599799663757679,12.579999923706055,-0.05000019073486328,0.0,0.005189448256311069,155.9290008544922,-0.008596356171413855
2024-06-07,-0.0011152197300303701,0.013165388949644363,-0.002328539208430902,12.220000267028809,-0.3599996566772461,0.0,-0.0014878221987886242,155.69700622558594,0.00038824899702349924
2024-06-10,0.0025808546645145203,0.014647790844758646,0.0034668758435063562,12.739999771118164,0.5199995040893555,0.0,0.007296134689186662,156.83299255371094,0.013842173350582243
2024-06-11,0.0027103813151374556,0.01587121276437098,0.008784134188007497,12.850000381469727,0.1100006103515625,0.0,0.0013198800140918898,157.0399932861328,-0.0072731912721705205
2024-06-12,0.008503672791998707,0.012513938601117491,0.015273035793879508,12.039999961853027,-0.8100004196166992,0.0,0.0004139228488619917,157.10499572753906,0.00681233933161951
2024-06-13,0.0023446558536817097,0.015090767356188639,0.0033575430637895476,11.9399995803833,-0.10000038146972656,0.0,-0.0019413302191242376,156.8000030517578,-0.014936805821524346
2024-06-14,-0.000393860697500914,0.015823829775731824,0.0012067490836344952,12.65999984741211,0.7200002670288086,0.0,0.002091855378212104,157.1280059814453,-0.0006480041472265441
2024-06-17,0.007664386564552705,0.020974509463518087,0.00950533124235986,12.75,0.09000015258789062,0.0,0.0026602467521128492,157.54600524902344,-0.0022046427181947603
2024-06-18,0.0025213273947457537,0.020782011971489656,0.0002918145153441021,12.300000190734863,-0.4499998092651367,0.0,0.0009774395674162495,157.6999969482422,0.004938913439043402
2024-06-19,0.0,0.012174808590928565,0.0,,,0.0,0.0010843706552483567,157.87100219726562,0.0
2024-06-20,-0.0025259318472709014,0.007256454265251566,-0.007873631753103294,13.279999732971191,,0.0,0.000551021753422587,157.95799255371094,-0.0018106570098292973
2024-06-21,-0.001562130321101196,0.006079243489500952,-0.001818712036232295,13.199999809265137,-0.07999992370605469,0.0,0.006159911166366383,158.93099975585938,-0.0018139414356050931
2024-06-24,-0.003065171894990004,-0.004633436448266748,-0.01088445649264791,13.329999923706055,0.13000011444091797,0.0,0.005851549900333097,159.86099243164062,0.006100726895119424
2024-06-25,0.003933590015736899,-0.0032312528203717328,0.012621154825899206,12.84000015258789,-0.48999977111816406,0.0,-0.0010946247130523279,159.68600463867188,0.015094826474003398
2024-06-26,0.0015724312002203256,-0.0016639025429019405,0.004939129269155407,12.550000190734863,-0.28999996185302734,0.0,0.0,159.68600463867188,0.0033045246568377262
2024-06-27,0.0009073212238914774,0.0017723175876067643,0.0030058438553957068,12.239999771118164,-0.3100004196166992,0.0,0.005855225451406376,160.62100219726562,0.003800354699772024
2024-06-28,-0.004083652583445674,-0.00075762571413307,-0.007059876784354269,12.4399995803833,0.19999980926513672,0.0,0.00041086944915380563,160.68699645996094,0.005426552246340144
2024-07-01,0.0026755639309195,0.00499639785402084,0.008272964771473212,12.220000267028809,-0.2199993133544922,0.0,0.0013691289622053127,160.90699768066406,-0.0064014057989205675
2024-07-02,0.006195317856513505,0.00726052005842992,0.008359330501992446,12.029999732971191,-0.1900005340576172,0.0,0.0037599093654070437,161.51199340820312,0.018317331985851393
2024-07-03,0.005084444409779065,0.010792478548613982,0.008849250735993186,12.09000015258789,0.06000041961669922,0.0,-4.950471664688649e-05,161.50399780273438,0.009924327006574973
2024-07-04,0.0,0.009876196442079266,0.0,,,0.0,0.0007244674814437246,161.62100219726562,0.0
2024-07-05,0.005448765178485582,0.0195422309612312,0.00904202027187373,12.479999542236328,,0.0,-0.001627266782817327,161.35800170898438,0.00921262744134621
2024-07-08,0.0010166989647510949,0.017855461133271966,0.0027778094085602056,12.369999885559082,-0.1099996566772461,0.0,-0.0044621352091461786,160.63800048828125,-0.003042843232716641
2024-07-09,0.0007410719362856977,0.01233800950360786,0.0013882410748919938,12.510000228881836,0.1400003433227539,0.0,0.0013632773064862214,160.85699462890625,0.014650225857648635
2024-07-10,0.010208065293514812,0.017498606899917446,0.011837687037744349,12.850000381469727,0.3400001525878906,0.0,0.0029467106763432227,161.33099365234375,0.02298159066297667
2024-07-11,-0.008763028841120457,0.008582237261853587,-0.019522190849242782,12.920000076293945,0.06999969482421875,0.0,0.0017107746646454203,161.60699462890625,-0.021289108445071703
2024-07-12,0.0055170270744306915,0.008650711895386687,0.006291991565953836,12.460000038146973,-0.46000003814697266,0.0,-0.021075762273823684,158.2010040283203,-0.00817209470015623
2024-07-15,0.0028262026252154904,0.010474015300007578,0.004028659854356853,13.119999885559082,0.6599998474121094,0.0,0.0007079570221861786,158.31300354003906,-0.0031503695625832995
2024-07-16,0.006389375498743188,0.016177252771161443,0.0019904935062078355,13.1899995803833,0.06999969482421875,0.0,-0.001086436783248823,158.14100646972656,0.010939589157651586
2024-07-17,-0.013927543241993745,-0.008100969921949974,-0.02768439750961882,14.479999542236328,1.2899999618530273,0.0,0.0013216030329810113,158.35000610351562,-0.031020800769508194
2024-07-18,-0.007816403936922511,-0.007153712755761155,-0.006984485083873393,15.930000305175781,1.4500007629394531,0.0,-0.016823500866190444,155.68600463867188,-0.00446705546593873
2024-07-19,-0.007140265531926926,-0.01965150805152971,-0.008073385271033628,16.520000457763672,0.5900001525878906,0.0,0.009403473749681313,157.14999389648438,-0.010095974074535663
2024-07-22,0.01079203564940956,-0.011864224101490572,0.015830756353462316,14.90999984741211,-1.6100006103515625,0.0,0.0017308506801934076,157.4219970703125,0.007428859229413165
2024-07-23,-0.001558102589770738,-0.019667553129619764,-0.0005675781322872497,14.720000267028809,-0.18999958038330078,0.0,-0.0033730394129657393,156.89100646972656,-0.011248593925759276
2024-07-24,-0.02314909375473495,-0.028835424228886297,-0.036390883510082794,18.040000915527344,3.320000648498535,0.0,-0.007157842402199854,155.76800537109375,-0.03488813045127037
2024-07-25,-0.005142620237842288,-0.026218283588661517,-0.00926569327315152,18.459999084472656,0.4199981689453125,0.0,-0.012049964284356895,153.89100646972656,-0.008775376555337222
2024-07-26,0.011090468702846357,-0.008337856919845565,0.010252765674276132,16.389999389648438,-2.0699996948242188,0.0,-0.0012606340590720633,153.69700622558594,0.011892177589851949
2024-07-29,0.0008133101292933098,-0.018127728610048965,0.000709669542889424,16.600000381469727,0.21000099182128906,0.0,0.0028757966965518023,154.13900756835938,0.002611647949856355
2024-07-30,-0.004960171878030217,-0.02147333891361658,-0.012825373737482826,17.690000534057617,1.0900001525878906,0.0,-0.0019853184438904936,153.83299255371094,-0.005860901276374064
2024-07-31,0.0157933986591674,0.017535958034908816,0.026358511706674248,16.360000610351562,-1.3299999237060547,0.0,-0.007560110256319419,152.6699981689453,0.014018079392113192
2024-08-01,-0.013693502993456064,0.008790150993845502,-0.023026352660052707,18.59000015258789,2.229999542236328,0.0,-0.01916548705141763,149.74400329589844,-0.046640826873385
2024-08-02,-0.018381860868696753,-0.020615126495082348,-0.024310025495816623,23.389999389648438,4.799999237060547,1.0,-0.003626183724400267,149.2010040283203,-0.05081989429461986
2024-08-05,-0.02996879838863975,-0.050738158585009074,-0.03433920949487235,38.56999969482422,15.180000305175781,1.0,-0.02424249366207143,145.58399963378906,-0.04854368932038833
2024-08-06,0.010354085880061037,-0.03612845140696874,0.010294364623245844,27.709999084472656,-10.860000610351562,1.0,0.0014149470605417935,145.7899932861328,0.01200480192076836
2024-08-07,-0.007734647858502863,-0.05845387177521533,-0.010450394739652702,27.850000381469727,0.1400012969970703,1.0,-0.007257004636457398,144.73199462890625,0.02298339264531446
2024-08-08,0.023042611519136447,-0.023384908435390317,0.028662349907374374,23.790000915527344,-4.059999465942383,1.0,0.00961776485278687,146.12399291992188,0.03435280475431224
2024-08-09,0.004671676849538509,-0.00044886849066483325,0.0051189165678968696,20.3700008392334,-3.4200000762939453,1.0,0.010573304197764921,147.66900634765625,-0.009248878923766801
2024-08-12,4.303397765514916e-05,0.030476282113323094,0.0021085673056129295,20.709999084472656,0.3399982452392578,1.0,-0.004245974946774145,147.04200744628906,0.007637906647807613
2024-08-13,0.016847579753558328,0.03709910030963748,0.024254184750069685,18.1200008392334,-2.589998245239258,0.0,-0.0004081338280472746,146.98199462890625,0.024003368893879884
2024-08-14,0.0038237284285767004,0.049179721307337276,0.00029033906147879485,16.190000534057617,-1.9300003051757812,0.0,-7.484989533468323e-05,146.9709930419922,-0.004249485949280318
2024-08-15,0.016133247764330783,0.04209383431000724,0.02337635958240125,15.229999542236328,-0.9600009918212891,0.0,0.0019188340067386456,147.2530059814453,0.036894273127753285
2024-08-16,0.001989779357261412,0.03931204110795594,0.0021154737631077225,14.800000190734863,-0.42999935150146484,0.0,0.013371503878658375,149.2220001220703,0.0009293680297397522
2024-08-19,0.009722284736913167,0.04937137007801784,0.013898180004721095,14.649999618530273,-0.15000057220458984,0.0,-0.008484047048631704,147.95599365234375,0.00464252553389044
2024-08-20,-0.0019845553982971165,0.029936890555938067,-0.003346805921529139,15.880000114440918,1.2300004959106445,0.0,-0.008495691822692941,146.69900512695312,-0.007393715341959317
2024-08-21,0.004239676828782013,0.030363659310059576,0.005727739128175591,16.270000457763672,0.3900003433227539,0.0,-0.00921618387059131,145.3470001220703,0.009177972865123785
2024-08-22,-0.008932805548120926,0.004946569108254861,-0.016721959277882892,17.549999237060547,1.279998779296875,0.0,-0.0015755667888409652,145.1179962158203,0.004481349677079249
2024-08-23,0.01148337085011919,0.014468175411846751,0.014667933769104025,15.859999656677246,-1.6899995803833008,0.0,0.0074697808821515554,146.20199584960938,0.006823251541792308
2024-08-26,-0.0031537266931381813,0.0015316442294832644,-0.008503262384321975,16.149999618530273,0.28999996185302734,0.0,-0.015061325509362122,144.0,-0.007819627264433748
2024-08-27,0.0015951960865450143,0.00512400786467504,0.001638900990943437,15.430000305175781,-0.7199993133544922,0.0,0.0035833782619900667,144.51600646972656,0.0060422960725075026
2024-08-28,-0.00597597320797616,-0.005100638048852191,-0.011196453251911764,17.110000610351562,1.6800003051757812,0.0,-0.003743532494611679,143.97500610351562,-0.003264133698916316
2024-08-29,-3.937906806072977e-05,0.003827176714974012,-0.002255613083423591,15.649999618530273,-1.460000991821289,0.0,0.003181055977046876,144.43299865722656,0.0035368090123133467
2024-08-30,0.010093051774424433,0.0024473813444236825,0.01125739986075569,15.0,-0.6499996185302734,0.0,0.0031641019481043475,144.88999938964844,0.018535439237697515
2024-09-02,0.0,0.005618828286312549,0.0,,,0.0,0.010290546764676556,146.38099670410156,0.0
2024-09-03,-0.02115107439771169,-0.017218819060276003,-0.03259177894657106,20.719999313354492,,1.0,0.002329560705602196,146.7220001220703,-0.03549916698705624
2024-09-04,-0.0016025435809103872,-0.012894854832252611,-0.0030344938889551587,21.31999969482422,0.6000003814697266,1.0,-0.009330593195018166,145.35299682617188,-0.023119851182567097
2024-09-05,-0.003018017615584734,-0.015835200056163234,0.0025379660282958127,19.899999618530273,-1.4200000762939453,0.0,-0.013959063407858241,143.32400512695312,0.007480957562568058
2024-09-06,-0.01726024985928465,-0.04248636509769299,-0.02550436394346589,22.3799991607666,2.479999542236328,1.0,0.0004814283837484279,143.39300537109375,-0.047387606318347486
2024-09-09,0.0115800702824842,-0.03139828990908744,0.01160934059858132,19.450000762939453,-2.9299983978271484,0.0,-0.00632536389837024,142.48599243164062,0.02692743764172345
2024-09-10,0.004472672652839682,-0.006042788602458549,0.008367462259605718,19.079999923706055,-0.37000083923339844,0.0,0.004849666340471348,143.177001953125,-0.002208114821970697
2024-09-11,0.010665025888896507,0.006170222420795346,0.02171097287436141,17.690000534057617,-1.3899993896484375,0.0,-0.006586312117083604,142.23399353027344,0.012309820193637577
2024-09-12,0.007495302358939249,0.016780433722556998,0.010011215390628214,17.06999969482422,-0.6200008392333984,0.0,0.0025029375803993226,142.58999633789062,0.010520562918431509
2024-09-13,0.005407711405364557,0.04023358038012925,0.0065055700094134306,16.559999465942383,-0.5100002288818359,0.0,-0.007651332112972642,141.49899291992188,-0.015548945375878809
2024-09-16,0.0012566297656613212,0.029617723261021522,-0.00519394428970954,17.139999389648438,0.5799999237060547,0.0,-0.005010633780201612,140.7899932861328,0.005905782172778373
2024-09-17,0.00026455008109871336,0.025304258395843604,0.0020423726828324718,17.610000610351562,0.470001220703125,0.0,0.0,140.7899932861328,-0.0010922992900054274
2024-09-18,-0.002896455862498093,0.011546341941147675,-0.003106397636846503,18.229999542236328,0.6199989318847656,0.0,0.008700945819537065,142.01499938964844,-0.0016402405686167798
2024-09-19,0.01697685316676334,0.021066017132810977,0.025076659927780076,16.329999923706055,-1.8999996185302734,0.0,0.004893900835867715,142.7100067138672,0.03217415115005484
2024-09-20,-0.0019410273951238066,0.013602828445432147,-0.003644955448014686,16.149999618530273,-0.18000030517578125,0.0,0.0010370330611357836,142.85800170898438,0.011407348454702149
2024-09-23,0.0028092730585327352,0.015174616922467798,0.001445774217207818,15.890000343322754,-0.25999927520751953,0.0,0.008021924428738059,144.00399780273438,0.003672131147540947
2024-09-24,0.0025111788443470395,0.017454734211351797,0.005577417197717205,15.390000343322754,-0.5,0.0,-0.0025415774564432336,143.63800048828125,-0.011760094080752626
2024-09-25,-0.0018612489301417234,0.018511070035657218,0.00042553862838246026,15.40999984741211,0.01999950408935547,0.0,-0.0046993347823223175,142.96299743652344,0.008065582440830443
2024-09-26,0.00403867571712313,0.005553373980422327,0.005977041489758417,15.369999885559082,-0.039999961853027344,0.0,0.012031093720365149,144.68299865722656,0.03384050367261282
2024-09-27,-0.0012532169669905446,0.006246349160899944,-0.0038866462488355014,16.959999084472656,1.5899991989135742,0.0,0.0027163203330118346,145.0760040283203,-0.045546815529053486
2024-09-30,0.004236552581176722,0.007678520609127881,0.0038400470830193267,16.729999542236328,-0.22999954223632812,0.0,-0.015805503349337502,142.7830047607422,0.017280340289778096
2024-10-01,-0.009324107094664358,-0.004217769105822944,-0.015328382112681838,19.260000228881836,2.530000686645508,0.0,0.006492383002293156,143.7100067138672,-0.0018293479681170677
2024-10-02,0.00013839090212397487,-0.0022228502520823534,0.000824090980865666,18.899999618530273,-0.3600006103515625,0.0,0.0001808205174269606,143.73599243164062,0.017017934284592195
2024-10-03,-0.001681413492255035,-0.007907267043657296,-0.0003703558019848563,20.489999771118164,1.5900001525878906,1.0,0.0198002480285846,146.58200073242188,-0.0009010168618870384
2024-10-04,0.008970249395274354,0.002248086501337898,0.012242619624335926,19.209999084472656,-1.2800006866455078,0.0,0.0017600769820280693,146.83999633789062,0.02512239113630499
2024-10-07,-0.009586022165882668,-0.011547118478160368,-0.011795732314343055,22.639999389648438,3.4300003051757812,1.0,0.013484139442307974,148.82000732421875,-0.017594570818147526
2024-10-08,0.009689347495581924,0.00742367117363707,0.01445106955545672,21.420000076293945,-1.2199993133544922,1.0,-0.004529036401673792,148.14599609375,0.01125751567097355
2024-10-09,0.007113411987488272,0.014449500211149546,0.005978094784393262,20.860000610351562,-0.5599994659423828,1.0,8.775457065346437e-05,148.15899658203125,0.0067046173308031864
2024-10-10,-0.002070122839989974,0.014054510065852677,-0.0005231007327147763,20.93000030517578,0.06999969482421875,1.0,0.006756303047205758,149.16000366210938,-0.007413923096255326
2024-10-11,0.006051847587953629,0.011121402259480995,0.003330516505153147,20.459999084472656,-0.470001220703125,1.0,-0.003057179538328514,148.70399475097656,0.012280035447524984
2024-10-14,0.0077076668832223305,0.02877666512219812,0.00870907306913593,19.700000762939453,-0.7599983215332031,0.0,0.004236637246144648,149.33399963378906,0.005877938969484742
2024-10-15,-0.007609466332438197,0.011150831944198414,-0.010112022354858197,20.639999389648438,0.9399986267089844,1.0,0.002249980151741937,149.6699981689453,-0.028471963197811756
2024-10-16,0.004679145956573816,0.008706807176942943,0.002811279069593775,19.579999923706055,-1.0599994659423828,0.0,-0.003815054135721141,149.0989990234375,0.012541592014333247
2024-10-17,-0.00017116047891174713,0.010626276975405968,0.000355489105901885,19.110000610351562,-0.4699993133544922,0.0,0.003199250216346705,149.5760040283203,-0.006445904954499482
2024-10-18,0.00397155273894878,0.008536523208438895,0.006310213953266919,18.030000686645508,-1.0799999237060547,0.0,0.0035032495927360685,150.10000610351562,-0.0008904719501335867
2024-10-21,-0.0018227694906369774,-0.0010017521079332958,0.0027290541004474367,18.3700008392334,0.3400001525878906,0.0,-0.003331112456152585,149.60000610351562,-0.0038197097020626902
2024-10-22,-0.0004748538883844189,0.0061803653037049155,0.00214453854812513,18.200000762939453,-0.1700000762939453,0.0,0.0067178448062898966,150.60499572753906,-0.01610429447852757
2024-10-23,-0.009191323428069387,-0.007710829719643653,-0.016314472583482398,19.239999771118164,1.039999008178711,0.0,0.0035390908393666543,151.13800048828125,-0.014029618082618822
2024-10-24,0.002145772011323821,-0.005411369124535659,0.007596569436006506,19.079999923706055,-0.15999984741210938,0.0,0.010791440265401908,152.7689971923828,0.006455862977602145
2024-10-25,-0.00029944716993013376,-0.009642453103212434,0.005599587049413213,20.329999923706055,1.25,1.0,-0.006454139581730467,151.7830047607422,0.00013090718680452973
2024-10-28,0.0026514435020339455,-0.005203290930123949,0.002623311348128654,19.799999237060547,-0.5300006866455078,0.0,0.007701725833599626,152.95199584960938,0.01308900523560208
2024-10-29,0.001614127248163344,-0.0031241921020143115,0.00783966508460976,19.34000015258789,-0.45999908447265625,0.0,0.0014841585009850444,153.1790008544922,0.014470284237726005
2024-10-30,-0.003300233889343751,0.002802971014517208,-0.005601545069538139,20.350000381469727,1.010000228881836,1.0,0.0006201974172255209,153.2740020751953,0.003183902190524668
2024-10-31,-0.018614700871699585,-0.017971116416873878,-0.027557031087636963,23.15999984741211,2.809999465942383,1.0,-0.0004567462405294931,153.20399475097656,-0.02424781007997967
2024-11-01,0.004092509543626166,-0.013656796157722972,0.008000460240717544,21.8799991607666,-1.2800006866455078,1.0,-0.007989341436083541,151.97999572753906,0.006115014311735667
2024-11-04,-0.002812083478299976,-0.0190314582509018,-0.0032861686554399583,21.979999542236328,0.10000038146972656,1.0,0.002020047667904201,152.28700256347656,-0.0053019526703737
2024-11-05,0.012265644545291332,-0.008599493379274126,0.014256860922954528,20.489999771118164,-1.489999771118164,1.0,-7.224245489678705e-05,152.2760009765625,0.015080603224129074
2024-11-06,0.025295927786425976,0.019844628046975732,0.029518724734147517,16.270000457763672,-4.219999313354492,0.0,-0.005522888784675883,151.43499755859375,0.02651127049180335
2024-11-07,0.007431229727488331,0.04691126785466415,0.0150652237858655,15.199999809265137,-1.0700006484985352,0.0,0.01905114281465048,154.32000732421875,-0.008608858390517726
2024-11-08,0.0037568333092317108,0.04656127696358747,0.0008987464377530063,14.9399995803833,-0.26000022888183594,0.0,-0.007387341850252693,153.17999267578125,-0.014095142209916922
2024-11-11,0.0009690634297987444,0.05052963826336132,0.0006211751877069904,14.970000267028809,0.030000686645507812,0.0,-0.0018017086497554846,152.9040069580078,0.013020168496298279
2024-11-12,-0.00289265965137242,0.03479834489168865,-0.000899507284966572,14.710000038146973,-0.26000022888183594,0.0,0.0037669959145638643,153.47999572753906,-0.009576612903225756
2024-11-13,0.00023222772482434095,0.009502355082579017,-0.0026284235830008607,14.020000457763672,-0.6899995803833008,0.0,0.007655740711927761,154.65499877929688,-0.007506361323155186
2024-11-14,-0.006049734794859041,-0.004006324252064708,-0.006399672399173273,14.3100004196167,0.28999996185302734,0.0,0.005004701311335236,155.4290008544922,-0.00025637738751438377
2024-11-15,-0.013203489851361216,-0.02083547454626511,-0.022374872957156677,16.139999389648438,1.8299989700317383,0.0,0.006684733602684734,156.46800231933594,-0.024490319271701533
2024-11-18,0.003917814394541086,-0.01795095748718656,0.005979159201779272,15.579999923706055,-0.5599994659423828,0.0,-0.011529519312264203,154.66400146484375,0.008543638275499532
2024-11-19,0.003963584828470035,-0.011198255893084541,0.010411990678702132,16.350000381469727,0.7700004577636719,0.0,-0.00030386560458406375,154.61700439453125,-0.0016942525739606085
2024-11-20,2.195086225209586e-05,-0.011406129747469018,-0.0011233764864474471,17.15999984741211,0.8099994659423828,0.0,0.0006532135659993443,154.71800231933594,0.0003916449086160956
2024-11-21,0.0053404615405816536,-7.731514539677242e-05,0.00033107931651232825,16.8700008392334,-0.28999900817871094,0.0,0.003729338803240667,155.2949981689453,-0.0013049719431031948
2024-11-22,0.003467959094991535,0.016815894163118683,0.0016460983300286003,15.239999771118164,-1.6300010681152344,0.0,-0.006935161224173592,154.21800231933594,0.009277407552593653
2024-11-25,0.003020480305938378,0.015907031355244294,0.0026936642209673956,14.600000381469727,-0.6399993896484375,0.0,-0.0004669119331272009,154.14599609375,0.005308130502330366
2024-11-26,0.005722005647630368,0.017686370866419443,0.006269322569991687,14.100000381469727,-0.5,0.0,0.0015051308082902892,154.3780059814453,-0.01210560206052802
2024-11-27,-0.003801238017440034,0.013795649055007297,-0.005936086733931978,14.100000381469727,0.0,0.0,-0.008867864869708031,153.00900268554688,-0.013818276626254677
2024-11-28,0.0,0.008410272776118832,0.0,,,0.0,-0.01093402427979262,151.33599853515625,0.0
2024-11-29,0.005607785488815242,0.010560638313883874,0.008273110081539414,13.510000228881836,,0.0,-0.0010704826680013602,151.1739959716797,0.013218770654329193
2024-12-02,0.0024484564662998753,0.009984314312663667,0.009666856814682268,13.34000015258789,-0.1700000762939453,0.0,-0.00844061155068987,149.8979949951172,0.007958251793868332
2024-12-03,0.0004514491145146682,0.004691420852788397,0.003966251232281781,13.300000190734863,-0.039999961853027344,0.0,-0.0026017652181481443,149.50799560546875,0.01630856847010098
2024-12-04,0.006051417924264779,0.014628071323568914,0.01304913283496889,13.449999809265137,0.14999961853027344,0.0,0.0009297667846888125,149.64700317382812,0.009679062659195159
2024-12-05,-0.0018697756269248078,0.012730944485414453,-0.0017663625312623887,13.539999961853027,0.09000015258789062,0.0,0.006147788792513653,150.56700134277344,-0.0073158425832492435
2024-12-06,0.0024954538421815275,0.009596566834872311,0.008096835652052103,12.770000457763672,-0.7699995040893555,0.0,-0.0023909661953883665,150.20700073242188,0.0
2024-12-09,-0.006144213927296471,0.0009426251051409817,-0.006197457524939054,14.1899995803833,1.419999122619629,0.0,-0.00117838684123861,150.02999877929688,-0.0008894536213468474
2024-12-10,-0.002963883313944371,-0.0024743840956295005,-0.0025054464613958327,14.180000305175781,-0.009999275207519531,0.0,0.00918486964378662,151.4080047607422,0.00012717792191274668
2024-12-11,0.008165786048233592,-0.000377934224844112,0.017658665535963847,13.579999923706055,-0.6000003814697266,0.0,0.002635277281579862,151.8070068359375,0.0190742624618514
2024-12-12,-0.005414022527810203,-0.0039274784848686295,-0.006591040785879021,13.920000076293945,0.3400001525878906,0.0,0.0028851651210233253,152.2449951171875,-0.01035687546793107
2024-12-13,-2.6466639124200775e-05,-0.006433241162641545,0.0011998719560866178,13.8100004196167,-0.1099996566772461,0.0,0.0022464482184365586,152.58700561523438,0.0008826125330980705
2024-12-16,0.0037993543260221863,0.0035074353612309928,0.01240394370741793,14.6899995803833,0.8799991607666016,0.0,0.005675432917510825,153.4530029296875,0.0013857394809775325
2024-12-17,-0.003863994965801476,0.002601481484358237,-0.00321356347816526,15.869999885559082,1.1800003051757812,0.0,0.00412501282727451,154.08599853515625,-0.009686753050698216
2024-12-18,-0.02949284635160343,-0.03484930404839448,-0.03562429443583959,27.6200008392334,11.750000953674316,1.0,-0.003335749610325789,153.57200622558594,-0.020579268292682973
2024-12-19,-0.0008651123249070469,-0.030435021173311316,-0.0010271871739683247,24.09000015258789,-3.530000686645508,1.0,0.007169261845725972,154.67300415039062,0.01478599221789878
2024-12-20,0.010869123768910471,-0.019870758689518042,0.010314997956417882,18.360000610351562,-5.729999542236328,0.0,0.019208219678098715,157.6439971923828,-0.0034509202453987253
2024-12-23,0.007287273468533639,-0.016465086501974757,0.00982400160619945,16.780000686645508,-1.5799999237060547,0.0,-0.007047476919053275,156.5330047607422,0.010645119917917167
2024-12-24,0.01104275925539211,-0.0017469022887913743,0.013470862885252899,14.270000457763672,-2.510000228881836,0.0,0.004037413875473739,157.1649932861328,-0.0012690355329949554
2024-12-25,0.0,0.028589118543338454,0.0,,,0.0,-0.0003690303802003081,157.10699462890625,0.0
2024-12-26,-0.00040565878647391695,0.02906211664993874,-0.0005377372076803555,14.729999542236328,,0.0,0.00016549852935510145,157.13299560546875,0.011435832274459878
2024-12-27,-0.011055736101235558,0.006742666807504127,-0.014901334813076983,15.949999809265137,1.2200002670288086,0.0,0.003913916938923734,157.7480010986328,0.010552763819095423
2024-12-30,-0.010701995701766776,-0.011236876164446019,-0.011927790534834837,17.399999618530273,1.4499998092651367,0.0,0.0007924030677373128,157.8730010986328,-0.01715564395822977
2024-12-31,-0.004284800394927402,-0.026226673205065,-0.00903175989823235,17.350000381469727,-0.049999237060546875,0.0,-0.005561470139512803,156.9949951171875,-0.0011383759170250363
2025-01-02,-0.0022238866412221947,-0.028392234698102703,-0.001553535689448271,17.93000030517578,0.5799999237060547,0.0,0.004611605757859127,157.718994140625,-0.00037989109788527653
2025-01-03,0.01259602672149196,-0.01575456951662857,0.017680325421069565,16.1299991607666,-1.8000011444091797,0.0,-0.0022634853262375465,157.36199951171875,0.0053204965796807
2025-01-06,0.005538045085450305,0.0007603685882233702,0.01239958989876877,16.040000915527344,-0.08999824523925781,0.0,0.0007562390937310148,157.4810028076172,0.0021421370967742437
2025-01-07,-0.01110391288210788,0.00035379465014551137,-0.018892582443783112,17.81999969482422,1.779998779296875,0.0,0.001663650875548317,157.7429962158203,0.0015088645794039124
2025-01-08,0.001560360190925314,0.006226185244078808,-0.000554079302387156,17.700000762939453,-0.11999893188476562,0.0,0.00312531286743023,158.23599243164062,0.0048964218455744835
2025-01-09,0.0,0.008468905771712443,0.0,,,0.0,-0.0002780093718955934,158.19200134277344,-0.009745127436281864
2025-01-10,-0.01541164380306681,-0.019424611585417084,-0.01628686998448936,19.540000915527344,,0.0,-0.000910268478561016,158.04800415039062,-0.0194297249558415
2025-01-13,0.0015754440882007614,-0.023288840324449778,-0.003837421278994335,19.190000534057617,-0.35000038146972656,0.0,-0.001018745811141586,157.88699340820312,-0.0019300051466804025
2025-01-14,0.0011462798112440442,-0.011189591406756016,-0.002289855211858427,18.709999084472656,-0.48000144958496094,0.0,-0.0033124640847712605,157.36399841308594,0.0002578316359418409
2025-01-15,0.018312792279639112,0.005349580745997562,0.024513246600664118,16.1200008392334,-2.589998245239258,0.0,0.00435934931489923,158.0500030517578,0.0009021781157365627
2025-01-16,-0.0021126894641922966,0.003225589278925467,-0.008863685277409328,16.600000381469727,0.4799995422363281,0.0,-0.011357153649389606,156.2550048828125,-0.010945145506051968
2025-01-17,0.009991058969353706,0.029109138782370536,0.01509493188909139,15.970000267028809,-0.630000114440918,0.0,-0.005753428991727594,155.3560028076172,0.011977607082411135
2025-01-20,0.0,0.027490385129435246,0.0,,,0.0,0.006114967758398038,156.30599975585938,0.0
2025-01-21,0.008768227105582893,0.035312895904157315,0.006448231967207674,15.0600004196167,,0.0,-0.006762420109199141,155.24899291992188,0.011964492473948374
2025-01-22,0.006137941522227575,0.022934793526950603,0.012783487788161407,15.100000381469727,0.039999961853027344,0.0,0.0033817234199016166,155.7740020751953,0.013602847698957587
2025-01-23,0.00531348622041139,0.030547370027744103,0.0022159573527285037,15.020000457763672,-0.07999992370605469,0.0,0.004275426947620176,156.44000244140625,0.0030101592875957373
2025-01-24,-0.002855132319398823,0.017439720677851378,-0.004955644440254314,14.850000381469727,-0.1700000762939453,0.0,-0.0018218080903963374,156.15499877929688,0.013630111291734304
2025-01-27,-0.014580715690809543,0.0026047213781108525,-0.03069366899092285,17.899999618530273,3.049999237060547,0.0,-0.002631971352894835,155.74400329589844,-0.03466567974339996
2025-01-28,0.009217869449967608,0.0030516164381437783,0.020254534552450076,16.40999984741211,-1.489999771118164,0.0,-0.005361405230355887,154.90899658203125,0.008817891373801956
2025-01-29,-0.004678895760321544,-0.007732040228847659,-0.0051318352135546474,16.559999465942383,0.14999961853027344,0.0,0.0041960710456814265,155.5590057373047,-0.003927033189764395
2025-01-30,0.005275414405311762,-0.007769618002160694,0.0025177710384303165,15.84000015258789,-0.7199993133544922,0.0,-0.0025007074744120006,155.1699981689453,0.008012209080503707
2025-01-31,-0.005046825754019935,-0.00995050954996024,-0.0027594368831531657,16.43000030517578,0.5900001525878906,0.0,-0.0069149839500980415,154.0970001220703,-0.005929851122886687
2025-02-03,-0.007608597684666707,-0.00294563153584837,-0.011997413936106094,18.6200008392334,2.190000534057617,0.0,0.008215646435191237,155.36300659179688,-0.01142276938697806
2025-02-04,0.007224881828679752,-0.004914598866146536,0.01351377483662497,17.209999084472656,-1.4100017547607422,0.0,-0.0005536311109844982,155.27699279785156,0.0051354474258569205
2025-02-05,0.003908672930614365,0.003670936193026275,0.0019492474205637933,15.770000457763672,-1.4399986267089844,0.0,-0.007367461024133437,154.13299560546875,-0.003576446544897194
2025-02-06,0.003644298722618622,0.0020424238661269634,0.005060861556485108,15.5,-0.2700004577636719,0.0,-0.009906981901267709,152.6060028076172,0.00012818869375719188
2025-02-07,-0.009464770111542897,-0.002406999269663257,-0.013570633401157828,16.540000915527344,1.0400009155273438,0.0,-0.009259200932849265,151.1929931640625,-0.015252499359138638
2025-02-10,0.006712541085862833,0.011989203444947139,0.009776429146874044,15.8100004196167,-0.7300004959106445,0.0,0.004318982409595495,151.8459930419922,0.014317323961994033
2025-02-11,0.00033958278885926063,0.0050713359294647375,-0.0035715325966498845,16.020000457763672,0.21000003814697266,0.0,-0.0005728854262309069,151.75900268554688,0.0034646477608109016
2025-02-12,-0.0027238667143857365,-0.0015688850999495685,0.0003100125914030638,15.890000343322754,-0.13000011444091797,0.0,0.006457578859882629,152.73899841308594,0.002557544757033181
2025-02-13,0.010426292122230674,0.0051778809005524895,0.015047947603236134,15.100000381469727,-0.7899999618530273,0.0,0.009925470806260606,154.2550048828125,0.008035714285714368
2025-02-14,-7.194380749464546e-05,0.014709557266100237,0.004067500652163103,14.770000457763672,-0.3299999237060547,0.0,-0.008207231076154398,152.98899841308594,-0.009869669745666165
2025-02-17,0.0,0.007943693809169927,0.0,,,0.0,-0.006314201857577029,152.0229949951172,0.0
2025-02-18,0.0024449877750611915,0.010065103093845229,0.0007235432730370306,15.350000381469727,,0.0,-0.0038085998173839064,151.44400024414062,0.005111821086261958
2025-02-19,0.0023769693899173827,0.015231351812325489,0.0007479686681528541,15.270000457763672,-0.07999992370605469,0.0,0.0032157068681073486,151.93099975585938,-0.008137317228226304
2025-02-20,-0.0043341850761716705,0.0004006814939048198,-0.0046813649111873135,15.65999984741211,0.3899993896484375,0.0,-0.0046797463078552815,151.22000122070312,-0.011024227663120167
2025-02-21,-0.01706412670256352,-0.01659953291454397,-0.02195880763092417,18.209999084472656,2.549999237060547,0.0,-0.01198251848521259,149.4080047607422,-0.010887880751782264
2025-02-24,-0.00496910650440241,-0.021486154571970673,-0.012143001410622967,18.979999542236328,0.7700004577636719,0.0,-0.00014063070163283786,149.38699340820312,-0.0030140217533743963
2025-02-25,-0.004679730915472358,-0.028440786465477874,-0.013508581548304033,19.43000030517578,0.4500007629394531,0.0,0.0031930825703103682,149.86399841308594,-0.0017087276550998842
2025-02-26,0.00013602428004699796,-0.030612834442442782,0.0025684924475790627,19.100000381469727,-0.3299999237060547,0.0,-0.005244725162289576,149.0780029296875,0.0026333113890717463
2025-02-27,-0.015864553655509872,-0.04183888152312287,-0.02782870850894581,21.1299991607666,2.029998779296875,1.0,-0.0016099323068961002,148.83799743652344,-0.012475377544320376
2025-02-28,0.01585414463498891,-0.009750310396601236,0.016331563687400408,19.6299991607666,-1.5,0.0,0.007887743666938007,150.01199340820312,0.00013297872340434225
2025-03-03,-0.0175967394669998,-0.022317266561860172,-0.026374620756663858,22.780000686645508,3.1500015258789062,1.0,0.00505961335692362,150.77099609375,-0.007578779417630632
2025-03-04,-0.012234826602200433,-0.029738482457705384,-0.0035437943047462728,23.510000228881836,0.7299995422363281,1.0,-0.00972337820901037,149.30499267578125,-0.009512325830653756
2025-03-05,0.011159277893187936,-0.019044498320258896,0.014633194908524993,21.93000030517578,-1.5799999237060547,1.0,0.003308685711342463,149.7989959716797,0.01988367374543487
2025-03-06,-0.017819007085749905,-0.020992636508241236,-0.026059274883519334,24.8700008392334,2.940000534057617,1.0,-0.006014733080940249,148.8979949951172,-0.020954907161803704
2025-03-07,0.00552061780274804,-0.03095134850743131,0.007026349676013233,23.3700008392334,-1.5,1.0,-0.0053056005633838055,148.10800170898438,0.010024383635871104
2025-03-10,-0.0269730913054258,-0.04020023994537003,-0.040002833692822315,27.860000610351562,4.489999771118164,1.0,-0.003375914833976701,147.60800170898438,-0.02145922746781115
2025-03-11,-0.007567865323653167,-0.035665408756773376,-0.001844522114810565,26.920000076293945,-0.9400005340576172,1.0,-0.0036515734824892343,147.06900024414062,0.0013706140350877583
2025-03-12,0.004886869929446425,-0.04164735453135815,0.012178733439950351,24.229999542236328,-2.690000534057617,1.0,0.0066159911370391455,148.04200744628906,0.015740487270736292
2025-03-13,-0.013890984206835322,-0.037814628033261743,-0.01957336017705169,24.65999984741211,0.43000030517578125,1.0,0.0016008936639468896,148.2790069580078,-0.010645465570677803
2025-03-14,0.021265869083087807,-0.022747954917210822,0.026069457524154904,21.770000457763672,-2.8899993896484375,1.0,-0.0022255465411104014,147.94900512695312,0.0205666031054208
2025-03-17,0.006416130719105961,0.010786251809891345,0.0030736755857529996,20.510000228881836,-1.260000228881836,1.0,0.0043866606243037065,148.59800720214844,0.008941678900306949
2025-03-18,-0.010653512117636543,0.007643538823963292,-0.017100725880162315,21.700000762939453,1.1900005340576172,1.0,0.005255727282557077,149.37899780273438,-0.003968253968253954
2025-03-19,0.010798495567894584,0.013571381605854471,0.014092107114519692,19.899999618530273,-1.8000011444091797,0.0,0.0004886767748395471,149.45199584960938,0.00185922974767605
2025-03-20,-0.0021848931523151816,0.025603478152290027,-0.003332708361115988,19.799999237060547,-0.10000038146972656,0.0,-0.006436784942058238,148.49000549316406,-0.005037115588547136
2025-03-21,0.0008246534476661349,0.005075442811040665,0.0052239345603362075,19.280000686645508,-0.5199985504150391,0.0,0.0007137689063727581,148.5959930419922,-0.0021316280309086055
2025-03-24,0.017646000146633645,0.016290352472233982,0.022747295735711326,17.479999542236328,-1.8000011444091797,0.0,0.007274818714844589,149.677001953125,0.010280373831775602
2025-03-25,0.0015743334544251475,0.028851211219512507,0.004578119137620407,17.149999618530273,-0.3299999237060547,0.0,0.007329116081666642,150.7740020751953,0.0018501387604070718
2025-03-26,-0.011156934922627149,0.0065036599003664985,-0.02040513973417113,18.329999923706055,1.1800003051757812,0.0,-0.005465167174790286,149.9499969482422,-0.009365519060809957
2025-03-27,-0.003306980860763864,0.005371801525470898,-0.005307007694424604,18.690000534057617,0.3600006103515625,0.0,0.003487897729579581,150.47300720214844,-0.001997336884154488
2025-03-28,-0.01973722070834405,-0.015283493477260546,-0.027018550378617556,21.649999618530273,2.9599990844726562,1.0,0.002485448565664905,150.8470001220703,-0.026951300867244843
2025-03-31,0.005538521570653376,-0.026999192260943827,-0.0013681917240805364,22.280000686645508,0.6300010681152344,1.0,-0.008153928991254111,149.61700439453125,-0.009186891539832764
2025-04-01,0.0037812354559083605,-0.02485525011075118,0.008705650385741004,21.770000457763672,-0.5100002288818359,1.0,0.001978317848510436,149.91299438476562,-0.007334624965402714
2025-04-02,0.006728194715792668,-0.007217880861840942,0.008662527433463518,21.510000228881836,-0.26000022888183594,1.0,-0.000867100444207014,149.7830047607422,0.006134114038756522
2025-04-03,-0.04839563335990149,-0.05212961107124514,-0.05968060766968586,30.020000457763672,8.510000228881836,1.0,-0.012758528547615167,147.8719940185547,-0.05778024109740887
2025-04-04,-0.05974960534553109,-0.09081980250687571,-0.05817425293064171,45.310001373291016,15.290000915527344,1.0,-0.011097376631923894,146.2310028076172,-0.04867647058823532
2025-04-07,-0.0023314724921273955,-0.09793563407650296,0.0009924259002549451,46.97999954223633,1.6699981689453125,1.0,-0.005457147493137859,145.43299865722656,-0.00015458339774310215
2025-04-08,-0.015700524562941354,-0.11544323521281574,-0.02149227881944238,52.33000183105469,5.350002288818359,1.0,0.016199919064930235,147.78900146484375,0.00015460729746452628
2025-04-09,0.09515387644904849,-0.03774844592547344,0.12163161348672213,33.619998931884766,-18.710002899169922,1.0,-0.013153889835320842,145.84500122070312,0.08208378420157669
2025-04-10,-0.03460757958472693,-0.02380612216368816,-0.043075119311905774,40.720001220703125,7.100002288818359,1.0,0.010655153357917113,147.3990020751953,-0.04200000000000004
2025-04-11,0.018092095201708958,0.05701127705953479,0.020573869620679863,37.560001373291016,-3.1599998474121094,1.0,-0.02477634180167354,143.7469940185547,0.00849985087980909
2025-04-14,0.007944712390868913,0.06789870410267174,0.006398982403674314,30.889999389648438,-6.670001983642578,1.0,-0.00035475436126541915,143.6959991455078,0.017595741534821796
2025-04-15,-0.0017277808903947145,0.08305819085749899,-0.0004937502016194584,30.1200008392334,-0.7699985504150391,1.0,-0.003305632072850062,143.2209930419922,0.005231037489102031
2025-04-16,-0.0224083715440897,-0.033205613127230804,-0.03067256456549472,32.63999938964844,2.519998550415039,1.0,-0.0002792417876972264,143.18099975585938,-0.018502457357617796
2025-04-17,0.0013268380955802073,0.002780989392310529,-0.0012699918771302832,29.649999618530273,-2.989999771118164,1.0,-0.008751202908080291,141.92799377441406,0.018262150220913043
2025-04-21,-0.023567493023827546,-0.03825207951704279,-0.025515063117136583,33.81999969482422,4.170000076293945,1.0,0.0,,-0.009111946774660096
2025-04-22,0.025117204723895226,-0.021866648264943667,0.027063337345606397,30.56999969482422,-3.25,1.0,-0.007412115583117496,140.87600708007812,0.020143044810976507
2025-04-23,0.01666113847096007,-0.003848701871773663,0.025007383940334194,28.450000762939453,-2.1199989318847656,1.0,0.01286234964716848,142.68800354003906,0.01459436256975244
2025-04-24,0.020259113708281262,0.03962882962995318,0.02741123349732466,26.469999313354492,-1.980001449584961,1.0,0.003749464908304301,143.22300720214844,0.005781977154138973
2025-04-25,0.007373133469998461,0.04590640328977713,0.012635436155963742,24.84000015258789,-1.6299991607666016,1.0,-0.0024019143720989122,142.87899780273438,0.012478968031407689
2025-04-28,0.0006407067039131409,0.07183703436408617,-0.0009669592300730612,25.149999618530273,0.3099994659423828,1.0,0.0067330092597832625,143.84100341796875,-0.002769699487605637
2025-04-29,0.005802410694099036,0.05164196646662966,0.005481327642628653,24.170000076293945,-0.9799995422363281,1.0,-0.011561443566424301,142.17799377441406,0.0041660880433274095
2025-04-30,0.00147999135976562,0.03593847314215082,-0.0008579230254012193,24.700000762939453,0.5300006866455078,1.0,0.0008510613636707465,142.2989959716797,0.0022126953395105176
2025-05-01,0.006299102138585644,0.02176392387692161,0.015155063640452937,24.600000381469727,-0.10000038146972656,1.0,0.004989541275530085,143.00900268554688,0.018766386090796283
2025-05-02,0.01472657412963474,0.02922241183212959,0.015075046601202846,22.68000030517578,-1.9200000762939453,1.0,0.01705483791598117,145.447998046875,0.009887579574698657
2025-05-05,-0.006381597588933863,0.02199952662220217,-0.00742531069797947,23.639999389648438,0.9599990844726562,1.0,-0.0056652902619365175,144.62399291992188,-0.0016094420600858417
2025-05-06,-0.007693239651855532,0.008286546698534902,-0.008662743613326751,24.760000228881836,1.1200008392333984,1.0,-0.006706950501989994,143.6540069580078,-0.010746910263299325
2025-05-07,0.00434635623313584,0.011172392810971266,0.00274171462716688,23.549999237060547,-1.210000991821289,1.0,-0.00430898733008811,143.03500366210938,0.005703422053231932
2025-05-08,0.005799775094835535,0.010670647633467922,0.010710269107760961,22.479999542236328,-1.0699996948242188,1.0,0.0056839481191584,143.84800720214844,0.013637591142316996
2025-05-09,-0.0007114809122162891,-0.004705700522912859,4.346780245101378e-05,21.899999618530273,-0.5799999237060547,1.0,0.015064457475971516,146.01499938964844,-0.0001332090049287471
2025-05-12,0.032558782749008364,0.034300359022459315,0.043472776122114976,18.389999389648438,-3.510000228881836,0.0,-0.0013902881932408295,145.81199645996094,0.03437250199840136
2025-05-13,0.0072482009835321826,0.04987410902701672,0.016129170333668563,18.219999313354492,-0.1700000762939453,0.0,0.017131656923158323,148.30999755859375,-0.010561566202988204
2025-05-14,0.001024415597859818,0.04640158240006542,0.007192007205055306,18.6200008392334,0.40000152587890625,0.0,-0.005272723980425664,147.5279998779297,-0.0167925019526165
2025-05-15,0.004132332074135769,0.04466682856672155,-0.001801356643215457,17.829999923706055,-0.7900009155273438,0.0,-0.005951453162598375,146.64999389648438,0.0011915795048325073
2025-05-16,0.007005272294898557,0.052734004307985805,0.005168357125659773,17.239999771118164,-0.5900001525878906,0.0,-0.007071171823024303,145.61300659179688,0.005950806664903441
2025-05-19,0.0008761131291423752,0.020432285303387587,0.000227021264460614,18.139999389648438,0.8999996185302734,0.0,-0.0021632850579709206,145.29800415039062,-0.010516629420270762
2025-05-20,-0.0038802294486252054,0.009158192496234507,-0.00378601378528598,18.09000015258789,-0.049999237060546875,0.0,-0.0022230040169077814,144.97500610351562,0.0003985651654045963
2025-05-21,-0.01613513066101424,-0.008140782850254324,-0.01410825840612473,20.8700008392334,2.780000686645508,1.0,-0.004462860124773149,144.3280029296875,-0.018459495351925592
2025-05-22,-0.00044487103794299543,-0.01266204060729137,0.0028135760347527405,20.280000686645508,-0.5900001525878906,1.0,-0.003970109994206328,143.7550048828125,0.0032471925314572214
2025-05-23,-0.006708297825321674,-0.026107777894873285,-0.009961528296397737,22.290000915527344,2.010000228881836,1.0,0.0007164747151295892,143.85800170898438,-0.004989885367498337
2025-05-26,0.0,-0.026960270776822948,0.0,,,0.0,-0.006888718755164169,142.86700439453125,0.0
2025-05-27,0.0204590558452733,-0.0031849254097175983,0.024654107822710714,18.959999084472656,,0.0,-0.0014839368693482236,142.65499877929688,0.040254811602060236
2025-05-28,-0.005571225417268844,0.007518028137738053,-0.00511588539944674,19.309999465942383,0.35000038146972656,0.0,0.010669119111506475,144.177001953125,-0.012768729641693843
2025-05-29,0.004011194261904327,0.012009592428761318,0.003922827339664758,19.18000030517578,-0.12999916076660156,0.0,0.010542626437433533,145.69700622558594,0.0014517619110465674
2025-05-30,-8.118516130162234e-05,0.018761588414845765,-0.0032384247576783265,18.56999969482422,-0.6100006103515625,0.0,-0.013164301156665115,143.7790069580078,-0.005666842382709536
2025-06-02,0.0041020419271569075,0.02294059116430036,0.006740682079448224,18.360000610351562,-0.20999908447265625,0.0,0.0002503528446886616,143.81500244140625,0.002650762094102088
2025-06-03,0.005800290454605506,0.008246178832344908,0.008125278617521214,17.690000534057617,-0.6700000762939453,0.0,-0.009477499347484208,142.45199584960938,-0.0013218770654329637
2025-06-04,7.36874595066439e-05,0.013969526731482773,0.0031717831214381764,17.610000610351562,-0.07999992370605469,0.0,0.009722642054711406,143.83700561523438,-0.004897418927862329
2025-06-05,-0.005277383403094138,0.0045888198700310134,-0.008326666680717576,18.479999542236328,0.8699989318847656,0.0,-0.007682383136395687,142.73199462890625,-0.0025272678903963675
2025-06-06,0.010280683010067904,0.014999081946761805,0.011995782530291654,16.770000457763672,-1.7099990844726562,0.0,0.005675061288737515,143.54200744628906,0.013468462461661446
2025-06-09,0.0009199480792858594,0.011782454353755023,0.003138309011380125,17.15999984741211,0.3899993896484375,0.0,0.008004533563710892,144.6909942626953,0.0060526315789473095
2025-06-10,0.00548298940767844,0.011463266106271242,0.006316598567499998,16.950000762939453,-0.20999908447265625,0.0,-0.001043610055566746,144.5399932861328,0.003662045513994183
2025-06-11,-0.002743888954607865,0.008613601048525599,-0.005027107486322402,17.260000228881836,0.3099994659423828,0.0,0.0020617418308626068,144.83799743652344,-0.0009121709669012157
2025-06-12,0.0038224199557175265,0.017840480262315328,0.002376104103309906,18.020000457763672,0.7600002288818359,0.0,-0.004384170715383107,144.2030029296875,-0.0036520151297769754
2025-06-13,-0.011296379879250695,-0.003898040945949144,-0.013002430170469537,20.81999969482422,2.799999237060547,1.0,-0.00699709898578782,143.19400024414062,-0.003534494043722969
2025-06-16,0.009392659896159117,0.0045338869574591545,0.015168930638848721,19.110000610351562,-1.7099990844726562,0.0,0.0062642511019928016,144.09100341796875,0.015239096163951693
2025-06-17,-0.008352184790166306,-0.009288227847169872,-0.009142640740278152,21.600000381469727,2.489999771118164,1.0,0.004427760742498066,144.72900390625,-0.007246376811594235
2025-06-18,-0.0003092402101070313,-0.006869556108266672,0.0012898709908895079,20.139999389648438,-1.460000991821289,1.0,0.004470445842681414,145.37600708007812,0.010036496350364965
2025-06-19,0.0,-0.010651262465781408,0.0,,,0.0,-0.0028959747724501828,144.9550018310547,0.0
2025-06-20,-0.002178658486505891,-0.001527591867711675,-0.00505771062053284,20.6200008392334,,1.0,0.0018143595250874611,145.21800231933594,-0.008775325848496607
2025-06-23,0.009606504133156335,-0.0013160611336739958,0.009438817066138139,19.829999923706055,-0.7900009155273438,0.0,0.006927493065834733,146.2239990234375,0.007551100117172194
2025-06-24,0.01112172017970181,0.018296018701646544,0.01434257113455839,17.479999542236328,-2.3500003814697266,0.0,-0.0020243274086355623,145.92799377441406,0.004393332471895661
2025-06-25,-3.2861029504172024e-06,0.018607666925031685,0.0030644768158396563,16.760000228881836,-0.7199993133544922,0.0,-0.006653918942332693,144.95700073242188,0.004245465071401
2025-06-26,0.008020121275230219,0.026777023945649736,0.009730837402353698,16.59000015258789,-0.1700000762939453,0.0,-0.00036558271864273184,144.9040069580078,0.02062516013323079
2025-06-27,0.005218970885222163,0.034389324419234146,0.005233600330041721,16.31999969482422,-0.2700004577636719,0.0,-0.0014492816194382474,144.69400024414062,0.01983180620057734
2025-06-30,0.005164427424532603,0.029838208012157308,0.004748549423642334,16.729999542236328,0.4099998474121094,0.0,-0.0012232846754277604,144.51699829101562,-0.005661538461538496
2025-07-01,-0.001118531087121899,0.017371382130893398,-0.00819057689575009,16.829999923706055,0.10000038146972656,0.0,-0.004961321143786779,143.8000030517578,-0.01596732268845158
2025-07-02,0.004745096791088033,0.02220226687347271,0.00941648588344024,16.639999389648438,-0.1900005340576172,0.0,-0.0027678042104282152,143.40199279785156,0.0012578616352201255
2025-07-03,0.008338955206607324,0.022525586577644585,0.010197980458914957,16.3799991607666,-0.26000022888183594,0.0,0.0008647591033532631,143.5260009765625,0.010175879396984833
2025-07-04,0.0,0.01721676191325927,0.0,,,0.0,0.008054330584768232,144.6820068359375,-0.009824648675537895
2025-07-07,-0.007862297279128794,0.004033841427955265,-0.009153884098457632,17.790000915527344,,0.0,-0.0012717942011499783,144.4980010986328,-0.0067822155237377
2025-07-08,-0.0007158868810946961,0.004438562529995638,0.000291066776000104,16.809999465942383,-0.9800014495849609,0.0,0.009647172845189012,145.89199829101562,0.013024785027820007
2025-07-09,0.0060621034026635545,0.0057551673405074055,0.009446299936140878,15.9399995803833,-0.869999885559082,0.0,0.00655965195920416,146.8489990234375,-0.001747597054050698
2025-07-10,0.0027462050044453346,0.00017674811309920102,0.0009373632498645978,15.779999732971191,-0.15999984741210938,0.0,-0.0050051455252633215,146.11399841308594,-0.005877203951481835
2025-07-11,-0.0032975229626984737,-0.0031213576805608767,-0.0021875625420221256,16.399999618530273,0.619999885559082,0.0,0.0011908234225974645,146.28799438476562,-0.004779874213836521
2025-07-14,0.001407413809457303,0.0061926488120267464,0.0026621021232773323,17.200000762939453,0.8000011444091797,0.0,0.006883707637217906,147.2949981689453,0.0001263902932255867
2025-07-15,-0.003956298214731202,0.002929834943350418,0.0018154120105235982,17.3799991607666,0.17999839782714844,0.0,0.0033742440919390937,147.79200744628906,0.002527486414760416
2025-07-16,0.003193657417327689,7.03195626527986e-05,0.0025481168757934824,17.15999984741211,-0.2199993133544922,0.0,0.006556471878069292,148.76100158691406,-0.0013866128828942115
2025-07-17,0.00537376740890938,0.0026908701669721147,0.00748463516761011,16.520000457763672,-0.6399993896484375,0.0,-0.0050953919198096775,148.0030059814453,0.012244382731633419
2025-07-18,-9.048620868445933e-05,0.005917175456288115,0.00047879763440294987,16.40999984741211,-0.1100006103515625,0.0,0.0029661246298142707,148.44200134277344,-0.008604564160119677
2025-07-21,0.001399134882868358,0.005908859246186893,0.0037581647571129917,16.649999618530273,0.23999977111816406,0.0,-7.411370646137616e-05,148.43099975585938,0.0022641509433962703
2025-07-22,0.0006375316336257875,0.010548187956412658,-0.0038852644341349496,16.5,-0.14999961853027344,0.0,-0.006885375531453186,147.40899658203125,-0.004643574297188757
2025-07-23,0.007811886951519131,0.015200274273783343,0.006094480005107927,15.369999885559082,-1.130000114440918,0.0,-0.004233072162421414,146.78500366210938,0.05156978943386714
2025-07-24,0.0006982236416543941,0.010479031817726803,0.001805012892285518,15.390000343322754,0.020000457763671875,0.0,-0.002970362283571726,146.3489990234375,-0.0010791366906475197
2025-07-25,0.00397432777929585,0.01458681281834906,0.002391464926232212,14.930000305175781,-0.46000003814697266,0.0,0.004482475888133219,147.0050048828125,-0.005401512423478527
2025-07-28,0.00017685810881817865,0.013348439572989257,0.003328534179168896,15.029999732971191,0.09999942779541016,0.0,0.005496402369910225,147.81300354003906,-0.014120202751629285
2025-07-29,-0.002959442388724254,0.009705773874869594,-0.003791142528385638,15.979999542236328,0.9499998092651367,0.0,0.004505695373618002,148.47900390625,-0.0037948341290243714
2025-07-30,-0.0012494327466496813,0.0006274260833563083,0.0014873651262450327,15.479999542236328,-0.5,0.0,-0.0002492107469951321,148.44200134277344,-0.00024576062914716257
2025-07-31,-0.0036948193411530106,-0.0037653060997421273,-0.0003417328880052084,16.719999313354492,1.239999771118164,0.0,0.005281501023560731,149.2259979248047,0.0028269419862341216
2025-08-01,-0.015992133140148468,-0.023577845655760266,-0.022360965552978174,20.3799991607666,3.6599998474121094,1.0,0.010360160230273419,150.77200317382812,-0.018384605956612288
2025-08-04,0.01473710033091602,-0.009363416514541312,0.019537368624801488,17.520000457763672,-2.8599987030029297,0.0,-0.022742954807987936,147.34300231933594,0.014483705830940163
2025-08-05,-0.004857865996303334,-0.011249646580373418,-0.006508598365053131,17.850000381469727,0.3299999237060547,0.0,-0.003732807416030437,146.79299926757812,-0.00135384615384615
2025-08-06,0.007281907295092482,-0.00280372849232291,0.01208942828430759,16.770000457763672,-1.0799999237060547,0.0,0.005225033174896199,147.55999755859375,0.007887601676115352
2025-08-07,-0.0007974800154801898,9.620220054262774e-05,0.0034615637625137197,16.56999969482422,-0.20000076293945312,0.0,-0.002487153704278988,147.1929931640625,0.005747126436781658
2025-08-08,0.007799715348974834,0.024277042739179855,0.009759603069510403,15.149999618530273,-1.4200000762939453,0.0,-0.002418508797027763,146.83700561523438,0.028936170212765955
2025-08-11,-0.0025041278217863283,0.006873723022494227,-0.0030125446054189986,16.25,1.1000003814697266,0.0,0.005632066972111938,147.66400146484375,0.00023632281696794877
2025-08-12,0.01134543584661274,0.02326804328526566,0.013864598959296481,14.729999542236328,-1.5200004577636719,0.0,0.0031219425898194597,148.125,0.02291789722386306
2025-08-13,0.0032300788824048965,0.01915191005428918,0.0014408439210664703,14.489999771118164,-0.23999977111816406,0.0,-0.002477666798523237,147.75799560546875,-0.0028871694191014985
2025-08-14,0.00030309080129242716,0.02027445411080442,-0.00011378838131570479,14.829999923706055,0.3400001525878906,0.0,-0.004317874546598377,147.1199951171875,-0.007065091498725917
2025-08-15,-0.0028971350972291088,0.009445195991867106,-0.004039002639741107,15.09000015258789,0.26000022888183594,0.0,0.003881179747545538,147.6909942626953,0.014230724367199299
2025-08-18,-0.00010076318078544588,0.011877351310743078,0.00031397440837599433,14.989999771118164,-0.10000038146972656,0.0,-0.0028910814533245066,147.26400756835938,0.0081656124209315
2025-08-19,-0.005858103118756786,-0.005335235827574336,-0.014554954552111976,15.569999694824219,0.5799999237060547,0.0,0.004427373725714334,147.91600036621094,-0.009582477754962349
2025-08-20,-0.0024316693228262354,-0.01094864551484509,-0.006666206064662283,15.6899995803833,0.11999988555908203,0.0,-0.0012506933539017107,147.7310028076172,-0.012669891730016092
2025-08-21,-0.004004181529308926,-0.015207468237571131,-0.003426501203265042,16.600000381469727,0.9100008010864258,0.0,-0.0027956869966727638,147.3179931640625,-0.004433037797480166
2025-08-22,0.015186444876893468,0.0026528500233549135,0.018778326259453193,14.220000267028809,-2.380000114440918,0.0,0.007249680774989553,148.38600158691406,0.0072650574173893645
2025-08-25,-0.004266385548063467,-0.0015242440125988743,-0.0021980282436453447,14.789999961853027,0.5699996948242188,0.0,-0.007891615357918713,147.21499633789062,-0.010004653327128854
2025-08-26,0.004133995191134998,0.008511413819716873,0.00442814064714403,14.619999885559082,-0.1700000762939453,0.0,0.004123288406719716,147.82200622558594,-0.0008225616921269108
2025-08-27,0.0023909843081744153,0.013386970793805686,0.0021291552114803824,14.850000381469727,0.23000049591064453,0.0,-0.002435365474624751,147.46200561523438,0.0015288721627659818
2025-08-28,0.0031567194195349924,0.020672908732627393,0.005327410008474587,14.430000305175781,-0.4200000762939453,0.0,-0.0009901625298658345,147.3159942626953,0.008337247534053516
2025-08-29,-0.00639818429357164,-0.0010283722000641315,-0.011500001529734183,15.359999656677246,0.9299993515014648,0.0,-0.003570562580085701,146.7899932861328,-0.019448002794922536
2025-09-01,0.0,0.0032518871523501414,0.0,,,0.0,0.0020914697866294407,147.0970001220703,0.0
2025-09-02,-0.006922279936861564,-0.007794675298637088,-0.008199273170313437,17.170000076293945,,0.0,-8.83803766933422e-05,147.08399963378906,0.0
2025-09-03,0.0051000736279842585,-0.005113114021365384,0.010249219585447555,16.350000381469727,-0.8199996948242188,0.0,0.009953526693907255,148.54800415039062,0.00047505938242276
2025-09-04,0.008346486409699372,3.386951555106599e-05,0.009766565111615222,15.300000190734863,-1.0500001907348633,0.0,-0.0038237364823596742,147.97999572753906,0.01839981006647684
2025-09-05,-0.003165152978388819,0.003287829769325956,-0.0003362323816525903,15.180000305175781,-0.11999988555908203,0.0,0.002669308581331631,148.375,0.00034969110618954247
2025-09-08,0.0021059789159529885,0.005400732785452389,0.0045302683923460485,15.109999656677246,-0.07000064849853516,0.0,-0.00020896956613314366,148.343994140625,0.02481938941971573
2025-09-09,0.0026881536531127015,0.015130421387399728,0.003706231037653218,15.039999961853027,-0.06999969482421875,0.0,-0.006606237975566809,147.36399841308594,-0.010915292779988595
2025-09-10,0.002983469943562689,0.012992695158486667,0.00030029550184296205,15.350000381469727,0.3100004196166992,0.0,0.00019000487385789633,147.39199829101562,0.009311415105184517
2025-09-11,0.008485890387959882,0.013132741475459397,0.00717396195120279,14.710000038146973,-0.6400003433227539,0.0,-0.0004070611653916867,147.33200073242188,0.019703872437357717
2025-09-12,-0.00048276131466740146,0.015858989286816394,0.004447170720106586,14.760000228881836,0.05000019073486328,0.0,-0.0007330499039412963,147.2239990234375,-0.005137942589076294
2025-09-15,0.004706619226962694,0.018495321065515657,0.009378503971730234,15.6899995803833,0.9299993515014648,0.0,0.0030022370381548313,147.66600036621094,0.004603121140675848
2025-09-16,-0.0012879303382402618,0.01445655494805198,-0.0006617400302030285,16.360000610351562,0.6700010299682617,0.0,-0.0017675130786151128,147.40499877929688,-0.003017434063477875
2025-09-17,-0.0009701681605103207,0.010457691346845266,-0.0032520366440261794,15.720000267028809,-0.6400003433227539,0.0,-0.006729788017681426,146.41299438476562,0.0012330456226881115
2025-09-18,0.004789119185128365,0.006753692182698501,0.009406024899013321,15.699999809265137,-0.020000457763671875,0.0,0.003264820086287923,146.89100646972656,0.022951186744290197
2025-09-19,0.004885418870829605,0.012160737717160197,0.0071541882322734285,15.449999809265137,-0.25,0.0,0.007189002112780951,147.94700622558594,-0.012805078253255942
2025-09-22,0.004410046474333074,0.011861964632218003,0.006959332608287738,16.100000381469727,0.6500005722045898,0.0,0.0010003243654117533,148.09500122070312,0.010088691796008797
2025-09-23,-0.005502159197012135,0.007592247641723393,-0.009456753272509166,16.639999389648438,0.5399990081787109,0.0,-0.0024983633082665824,147.72500610351562,-0.0035122379541213666
2025-09-24,-0.002846617843333288,0.0056997154137110595,-0.0033495659183030435,16.18000030517578,-0.45999908447265625,0.0,-0.0007581621735744948,147.61300659179688,0.0014318757572420182
2025-09-25,-0.0050090613431266195,-0.0041073447750277214,-0.005029818809150544,16.739999771118164,0.5599994659423828,0.0,0.007709351056226499,148.75100708007812,0.0
2025-09-26,0.005901836747171263,-0.0031000228667991125,0.00443924185797262,15.289999961853027,-1.4499998092651367,0.0,0.007462035876939943,149.86099243164062,-0.005389353277606701
2025-09-29,0.00263554421636214,-0.004861257002801156,0.00476248635752885,16.1200008392334,0.8300008773803711,0.0,-0.0030427774762785686,149.40499877929688,0.0009952449408381359
2025-09-30,0.0040908483833717035,0.004737932772611142,0.003048068549381,16.280000686645508,0.15999984741210938,0.0,-0.005421489007809477,148.59500122070312,-0.007070260715863919
2025-10-01,0.003399920834961989,0.01103198388944171,0.004199044555106113,16.290000915527344,0.010000228881835938,0.0,-0.0040244099548156775,147.9969940185547,-0.0005562972852692916
2025-10-02,0.0006183547238911569,0.01675012403460574,0.003906394171239613,16.6299991607666,0.3399982452392578,0.0,-0.0061758110082232864,147.08299255371094,0.005788712011577379
2025-10-03,6.551280273581206e-05,0.010850857448513995,-0.002781512623722282,16.649999618530273,0.020000457763671875,0.0,0.00045553426409217224,147.14999389648438,0.02047592695074707
2025-10-06,0.0036465919796933033,0.011870189452431124,0.007074475413767267,16.3700008392334,-0.279998779296875,0.0,0.016690513170259047,149.6060028076172,0.055639913232104155
2025-10-07,-0.0038114057910215715,0.003906711405182284,-0.006682623688557987,17.239999771118164,0.8699989318847656,0.0,0.004846001036862502,150.33099365234375,-0.01181547313264153
2025-10-08,0.0058276636405680815,0.006335680399006449,0.01119086636200639,16.299999237060547,-0.9400005340576172,0.0,0.01144142787135971,152.05099487304688,0.0025992929923059904
2025-10-09,-0.002755570407195318,0.0029424773597279685,-0.0008136826846035783,16.43000030517578,0.13000106811523438,0.0,0.004136755588212582,152.67999267578125,0.010992429741781606
2025-10-10,-0.02711167321141361,-0.024312891333376663,-0.035622771843095036,21.65999984741211,5.229999542236328,1.0,0.0018666732760106441,152.96499633789062,-0.05446712483331628
2025-10-13,0.015598671787557583,-0.012693771332893844,0.02207576120615018,19.030000686645508,-2.6299991607666016,0.0,-0.005942513671711724,152.05599975585938,0.022456064222174055
2025-10-14,-0.0015643266604626893,-0.01046672794491943,-0.007618996801966316,20.809999465942383,1.779998779296875,1.0,0.0024859655788145307,152.4340057373047,-0.0006366047745357539
2025-10-15,0.004026001159503689,-0.012239203523463194,0.006588350991361569,20.639999389648438,-0.1700000762939453,1.0,-0.0046118510517857425,151.7310028076172,0.02133984499416064
2025-10-16,-0.006294387099829435,-0.015744366642126084,-0.004743742203573875,25.309999465942383,4.670000076293945,1.0,-0.0049891173865074245,150.9739990234375,0.0007276507276507971
2025-10-17,0.0052707155502571545,0.017016380591287072,0.005204717443356266,20.780000686645508,-4.529998779296875,1.0,-0.005656629033966465,150.1199951171875,0.0047782279006960415
2025-10-20,0.010672270853256949,0.01208310272600066,0.01369350796084623,18.229999542236328,-2.5500011444091797,0.0,0.005195835362824086,150.89999389648438,0.029153313346428122
2025-10-21,3.2696450934288634e-05,0.013701955245864594,-0.0016036657742026783,17.8700008392334,-0.3599987030029297,0.0,-0.0008349358938708473,150.7740020751953,-0.006529382219989999
2025-10-22,-0.005337539220865439,0.004248176976535012,-0.009291304265325873,18.600000381469727,0.7299995422363281,0.0,0.00742172576503175,151.89300537109375,-0.01081900910010114
2025-10-23,0.0058273934429324825,0.016498561651579813,0.008856501520000837,17.299999237060547,-1.3000011444091797,0.0,0.0004015285610670105,151.95399475097656,0.0036798528058876734
2025-10-24,0.00790242258787388,0.01915966216614251,0.011466770280299965,16.3700008392334,-0.9299983978271484,0.0,0.004264516079147684,152.6020050048828,0.010999083409715782
2025-10-27,0.012290050865671143,0.020791027919869087,0.018642285558837957,15.789999961853027,-0.5800008773803711,0.0,0.0030078217764857307,153.06100463867188,0.018938249219300873
2025-10-28,0.0022879438603986557,0.023093088971963605,0.008039327801639073,16.420000076293945,0.630000114440918,0.0,-0.0024108249960173023,152.69200134277344,0.0041522491349481605
2025-10-29,-4.3578255173426506e-05,0.028538368240917045,0.005497031683221021,16.920000076293945,0.5,0.0,-0.006293705804529592,151.7310028076172,0.008171704243378874
2025-10-30,-0.00990481243951924,0.012450938655430122,-0.01574933904590925,16.90999984741211,-0.010000228881835938,0.0,0.006531277696158355,152.7220001220703,0.004003906249999911
2025-10-31,0.0026179217059763005,0.007142589594749005,0.006098954871908369,17.440000534057617,0.5300006866455078,0.0,0.007713320762381848,153.89999389648438,0.018577959342476413
2025-11-03,0.0017207127269924793,-0.0033730038107067095,0.004626341257806255,17.170000076293945,-0.2700004577636719,0.0,0.0019169164355705703,154.19500732421875,0.0049656226126815195
2025-11-04,-0.011736830084583816,-0.017318565477532966,-0.020393781164017133,19.0,1.8299999237060547,0.0,5.828610740232776e-05,154.20399475097656,-0.025750665146332175
2025-11-05,0.0036535556982648654,-0.013685302249274556,0.006474045263609396,18.010000228881836,-0.9899997711181641,0.0,-0.004195662479975826,153.5570068359375,0.0002925972885985395
2025-11-06,-0.011178189042419073,-0.014953816706259726,-0.018970822392277542,19.5,1.489999771118164,0.0,0.0033602583273115716,154.072998046875,-0.01930577223088925
2025-11-07,0.0012618418007710464,-0.016286130148842948,-0.0021450157379379053,19.079999923706055,-0.4200000762939453,0.0,-0.00730173368637721,152.947998046875,0.003976933784052505
2025-11-10,0.01540101862170995,-0.0028517402221289734,0.022718597314864253,17.600000381469727,-1.4799995422363281,0.0,0.005681691208747397,153.81700134277344,0.016735987324222545
2025-11-11,0.002075350517340535,0.011084620324551153,-0.0025021768797727217,17.280000686645508,-0.31999969482421875,0.0,0.002138871178767987,154.14599609375,-0.002921983052498245
2025-11-12,0.0006295171887717999,0.008038191792655747,-0.0026350371220488222,17.510000228881836,0.22999954223632812,0.0,-0.0004605967544212275,154.0749969482422,0.002539806583960136
2025-11-13,-0.01655685496159698,0.0025549989591822087,-0.022903999196268954,20.0,2.489999771118164,0.0,0.004140843750888301,154.71299743652344,-0.022702913378154554
2025-11-14,-0.0005017255648851471,0.0007891538978541668,0.0013218187022914218,19.829999923706055,-0.1700000762939453,0.0,-0.0005170983199876966,154.63299560546875,0.006779661016949046
2025-11-17,-0.00916226617680782,-0.023420659328282523,-0.008406749894371957,22.3799991607666,2.549999237060547,1.0,-0.000310340567442724,154.5850067138672,-0.013071895424836555
2025-11-18,-0.008256436690967983,-0.03348957274346753,-0.012119951159984765,24.690000534057617,2.3100013732910156,1.0,0.004450549868160625,155.2729949951172,-0.01876379690949226
2025-11-19,0.0037538357962292324,-0.030471785979927946,0.005856628188694035,23.65999984741211,-1.0300006866455078,1.0,0.001771133192105312,155.54800415039062,0.008794355251048103
2025-11-20,-0.015567283563270418,-0.029496216222484106,-0.02154647765069262,26.420000076293945,2.760000228881836,1.0,0.009283309368241621,156.99200439453125,-0.016624429802331475
2025-11-21,0.009823035415319481,-0.019470966700617653,0.008833628421609951,23.43000030517578,-2.989999771118164,1.0,0.0024013891842527,157.36900329589844,0.006597258014637619
2025-11-24,0.015467217001293498,0.004902270719503221,0.026890294714480234,20.520000457763672,-2.9099998474121094,1.0,-0.004327407186908938,156.68800354003906,0.015156169994879676
2025-11-25,0.009061696817220577,0.022450185655230825,0.00671476095449286,18.559999465942383,-1.960000991821289,0.0,0.0016018572935925235,156.93899536132812,-0.007767577927973335
2025-11-26,0.006906711511012631,0.025661788186613244,0.008212584809258683,17.190000534057617,-1.3699989318847656,0.0,-0.004517676643441604,156.22999572753906,0.01941846278975201
2025-11-27,0.0,0.041881045866818845,0.0,,,0.0,5.76245650198981e-05,156.23899841308594,0.0
2025-11-28,0.005354773163420257,0.03727093341647114,0.006504502259437883,16.350000381469727,,0.0,0.0002880085599776816,156.28399658203125,0.0021940759948140265
2025-12-01,-0.005323329342915684,0.016033980562020878,-0.0038419380446740314,17.239999771118164,0.8899993896484375,0.0,-0.002277922342677763,155.92799377441406,-0.01482734600457758
2025-12-02,0.002457235261999813,0.009383884354241312,0.005918133438435724,16.59000015258789,-0.6499996185302734,0.0,-0.0023792195967921037,155.5570068359375,0.001313131313131377
2025-12-03,0.0029797912994984355,0.005447303207911203,0.0017263385880927906,16.079999923706055,-0.5100002288818359,0.0,0.0016071278631870634,155.8070068359375,0.006355291031978183
2025-12-04,0.0010803218396737702,0.006533509888207778,0.0021766259782449726,15.779999732971191,-0.3000001907348633,0.0,-0.004492815960249752,155.10699462890625,0.014133921411387362
2025-12-05,0.001936641757662061,0.003111370865312324,0.0031052881384325826,15.40999984741211,-0.36999988555908203,0.0,0.00022567429788145077,155.14199829101562,0.002075714144509133
2025-12-08,-0.003477255626794018,0.004973098993382052,-0.0013669645376993556,16.65999984741211,1.25,0.0,0.0012762375698138761,155.33999633789062,-0.007101992503452337
2025-12-09,-0.0008763589340257116,0.001631138486617445,0.0012991579528713881,16.93000030517578,0.2700004577636719,0.0,0.0032444818759882477,155.843994140625,0.010530498708523739
2025-12-10,0.00674955693920154,0.00539583512585029,0.003293965958375278,15.770000457763672,-1.1599998474121094,0.0,0.006378194433347861,156.83799743652344,9.830908375940695e-05
2025-12-11,0.002079350841514227,0.006399170798031317,-0.002548855681956619,14.850000381469727,-0.9200000762939453,0.0,-0.006682080666164936,155.7899932861328,0.0005897965202006361
2025-12-12,-0.010663649289958,-0.006257240729041769,-0.01689801769130872,15.739999771118164,0.8899993896484375,0.0,-0.0014313624299977512,155.56700134277344,-0.014441497200117892
2025-12-15,-0.0015965630269072495,-0.00438179467012878,-0.005939157423247909,16.5,0.7600002288818359,0.0,0.0020634141092719105,155.88800048828125,0.0017942583732057926
2025-12-16,-0.0023839179519623555,-0.005884064401496025,0.002344182667685546,16.479999542236328,-0.020000457763671875,0.0,-0.005600181514281766,155.01499938964844,-0.008457711442786064
2025-12-17,-0.011592143912241393,-0.023995596685489118,-0.01809234933831194,17.6200008392334,1.1400012969970703,0.0,-0.001528881157642159,154.7779998779297,-0.014350225790265903
2025-12-18,0.007934262269941872,-0.018293034976815004,0.013794326180095018,16.8700008392334,-0.75,0.0,0.004632410548161214,155.4949951171875,0.0066177967827325546
2025-12-19,0.008818059450332205,0.0010384382346664278,0.013094630085295655,14.90999984741211,-1.960000991821289,0.0,0.0005852498204212964,155.58599853515625,0.020633154647516916
2025-12-22,0.006436496360377575,0.009092698592256365,0.005200485590942661,14.079999923706055,-0.8299999237060547,0.0,0.013433061827979209,157.67599487304688,-0.00029729461896743636
2025-12-23,0.004550388765703239,0.016106777860335653,0.0056771834180993075,14.0,-0.07999992370605469,0.0,-0.005067327923460985,156.8769989013672,0.0048572561459159225
2025-12-24,0.0032214822012188726,0.03133553773498354,0.002184494227374767,13.470000267028809,-0.5299997329711914,0.0,-0.004468494637388187,156.17599487304688,-0.002564861398835938
2025-12-26,-0.00030436354912266594,0.022905635203277708,-0.0008559129165679469,13.600000381469727,0.13000011444091797,0.0,-0.0005506514315862798,156.08999633789062,0.005044011472653542
2025-12-29,-0.00349205148036813,0.010423620509912856,-0.005033251330520905,14.199999809265137,0.5999994277954102,0.0,0.0023896540930488097,156.46299743652344,-0.006790001968116521
2025-12-30,-0.0013756671519022934,0.002580508134080839,-0.002354464859291694,14.329999923706055,0.13000011444091797,0.0,-0.002876059871119052,156.01300048828125,0.004656692757356584
2025-12-31,-0.007357666300846111,-0.00930419574242558,-0.0075617762593251925,14.949999809265137,0.619999885559082,0.0,0.002563849776829441,156.41299438476562,-0.002465483234713961
2026-01-02,0.0018947067188299638,-0.010614405827551132,-0.0002736157676632711,14.510000228881836,-0.4399995803833008,0.0,0.002033133014954558,156.7310028076172,0.012061295106277736
2026-01-05,0.006354126864826393,-0.004024585631991817,0.006894129713735264,14.899999618530273,0.3899993896484375,0.0,0.0016461044773983247,156.98899841308594,0.021783725700888823
2026-01-06,0.006196712678341321,0.0056590008481960385,0.00646908752731945,14.75,-0.14999961853027344,0.0,-0.0023122087323129703,156.62600708007812,-0.0025812619502868506
2026-01-07,-0.003439923431013958,0.0035802032074203627,0.0015759590270558732,15.380000114440918,0.630000114440918,0.0,0.00034467836286933284,156.67999267578125,-0.0013418959072174497
2026-01-08,7.65482590914246e-05,0.011096334955445153,-0.004420731467457473,15.449999809265137,0.06999969482421875,0.0,0.0003255688934162837,156.7310028076172,-0.007582301564449612
2026-01-09,0.006475487031883276,0.015719186193907886,0.008148633687052653,14.489999771118164,-0.9600000381469727,0.0,0.0009506866703214989,156.8800048828125,0.038394584139265
2026-01-12,0.001577633215136931,0.010898242836883787,0.002642467889757638,15.119999885559082,0.630000114440918,0.0,0.008088967063270669,158.1490020751953,0.010803762689764351
2026-01-13,-0.0019391230550597216,0.002724391796352865,-0.0010125284763347064,15.979999542236328,0.8599996566772461,0.0,-0.0010307345693979508,157.98599243164062,-0.0035013360361190182
2026-01-14,-0.005333360445499591,0.0008192427507562883,-0.010043039006782273,16.75,0.7700004577636719,0.0,0.007551355689763284,159.1790008544922,0.002311604253351751
2026-01-15,0.0025799262171273263,0.00332447981150108,0.0024825388498939116,15.84000015258789,-0.9099998474121094,0.0,-0.0048813477435437624,158.40199279785156,-0.0018450184501844769
2026-01-16,-0.0006423023039563436,-0.0037710256178952184,-0.0006217124567436949,15.859999656677246,0.01999950408935547,0.0,0.0012247336079174165,158.5959930419922,-0.004990757855822592
2026-01-19,0.0,-0.005340233902650815,0.0,,,0.0,-0.006689887679582784,157.53500366210938,0.0
2026-01-20,-0.02062675805627745,-0.02396418669811673,-0.023859706242919332,20.09000015258789,,1.0,0.004075273914314392,158.177001953125,-0.02972320267508821
2026-01-21,0.011587741323274559,-0.007360029415585889,0.01178427399798454,16.899999618530273,-3.190000534057617,0.0,-9.48266148885768e-05,158.16200256347656,0.020677771395749556
2026-01-22,0.005487502192628835,-0.004481280245249075,0.00909368580287051,15.640000343322754,-1.2599992752075195,0.0,0.0018587972085721827,158.45599365234375,0.015569311573813582
2026-01-23,0.0003268698377891788,-0.0035158311252826424,0.0027829257881455405,16.09000015258789,0.4499998092651367,0.0,0.00028407526087748103,158.50100708007812,-0.021333579608422637
2026-01-26,0.005006083031276365,0.0014726513634566452,0.0042601641286383884,16.149999618530273,0.05999946594238281,0.0,-0.021040918132351538,155.16600036621094,-0.005661979805605344
2026-01-27,0.004081896177137168,0.026738852651180478,0.009141008826954566,16.350000381469727,0.20000076293945312,0.0,-0.005349121773428278,154.33599853515625,0.00465027996583478
2026-01-28,-8.172305219089626e-05,0.01489460822780897,0.0016941445447504755,16.350000381469727,0.0,0.0,-0.01220062476247119,152.4530029296875,0.01615341016436811
2026-01-29,-0.001292631274007694,0.008051041417332483,-0.007223323690009664,16.8799991607666,0.529998779296875,0.0,0.0042176283834909345,153.0959930419922,-0.0070651668680858926
2026-01-30,-0.004301899620894223,0.0033865302320406077,-0.009427811057196478,17.440000534057617,0.5600013732910156,0.0,0.00043116426611033987,153.16200256347656,0.002902349967231599
2026-02-02,0.00539126612916796,0.003771092612928406,0.005553237590460336,16.34000015258789,-1.1000003814697266,0.0,0.013319186560565965,155.20199584960938,0.008401792382374929
2026-02-03,-0.008403983020698336,-0.008710921705187835,-0.01428104272151376,18.0,1.6599998474121094,0.0,0.0015527977790095182,155.4429931640625,0.0028698389187187257
2026-02-04,-0.005072391906223106,-0.013658521566537796,-0.015076607984928048,18.639999389648438,0.6399993896484375,0.0,0.0022902467352867717,155.7989959716797,0.007107911012646628
2026-02-05,-0.012251015567674717,-0.024481220290835548,-0.01589159168749088,21.770000457763672,3.1300010681152344,1.0,0.007175986389620803,156.91700744628906,-0.010449129239230026
2026-02-06,0.0196957966973359,-0.0009698734084044869,0.021766116022293724,20.3700008392334,-1.3999996185302734,1.0,-0.0008476510381026925,156.78399658203125,0.04723971841422747
2026-02-09,0.004691086716887227,-0.0016656227653495392,0.00900773237403718,17.360000610351562,-3.010000228881836,0.0,0.00293401574073604,157.24400329589844,0.012648151424022647
2026-02-10,-0.003303712975458173,0.003469306008219375,-0.005860887013236171,17.790000915527344,0.43000030517578125,0.0,-0.007071808707555083,156.1320037841797,0.011442047340379125
2026-02-11,-4.895607156218951e-05,0.008535869273502694,-0.0015582748902752686,17.649999618530273,-0.1400012969970703,0.0,-0.01056803932110062,154.48199462890625,0.005094991364421375
2026-02-12,-0.01566101212770199,0.005054110345789509,-0.020346429175938763,20.81999969482422,3.1700000762939453,1.0,-0.007852031166721285,153.2689971923828,-0.024400721711487217
2026-02-13,0.0004990891480125548,-0.013866954044240654,-0.0022339307336266545,20.600000381469727,-0.2199993133544922,1.0,-0.0029229528155173545,152.8209991455078,0.015059445178335462
2026-02-16,0.0,-0.018471389869468835,0.0,,,0.0,-0.00027478021826055077,152.7790069580078,0.0
2026-02-17,0.0010313220779065713,-0.014202325174246022,0.001406457699069552,20.290000915527344,,1.0,0.005432595673918517,153.60899353027344,-0.009109838625715794
2026-02-18,0.005566070147410729,-0.008666774384676112,0.007761849757584871,19.6200008392334,-0.6700000762939453,0.0,-0.002994560699256632,153.1490020751953,0.008318010682076826
2026-02-19,-0.0028221256867719813,0.004263338986437493,-0.0031160033782383634,20.229999542236328,0.6099987030029297,1.0,0.010081626833644552,154.6929931640625,-0.009117749218478632
2026-02-20,0.006939724763506794,0.01072820666954466,0.008964522328127167,19.09000015258789,-1.1399993896484375,0.0,0.0030189505581004195,155.16000366210938,0.0017526947682060534
2026-02-23,-0.010385652247284827,0.00023113499855287323,-0.011308222762413167,21.010000228881836,1.9200000762939453,1.0,-0.005291306561810205,154.33900451660156,-0.006123698714023296
2026-02-24,0.0076516140863223114,0.0068461349926132176,0.01044801963062758,19.549999237060547,-1.460000991821289,0.0,0.0019177912359966687,154.63499450683594,0.020596778452601106
2026-02-25,0.008136355657339944,0.009419692422927506,0.012613909684129787,17.93000030517578,-1.6199989318847656,0.0,0.008051284768672007,155.8800048828125,0.01681759379042691
2026-02-26,0.0,0.012276463833627016,0.0,,,0.0,0.00039125851919652455,155.9409942626953,0.0
